HigherSeed,HigherSeedNum,LowerSeed,LowerSeedNum,preds
Alabama,4,Akron,12,0.724603021144867
Arizona,1,Akron,12,0.8892658710479736
Arkansas,4,Akron,12,0.797178053855896
BYU,6,Akron,12,0.6543184041976928
Akron,12,Cal Baptist,13,0.705111026763916
Clemson,8,Akron,12,0.7252365350723267
Connecticut,2,Akron,12,0.7955608248710633
Duke,1,Akron,12,0.8346356511116028
Florida,1,Akron,12,0.8298737406730652
Akron,12,Furman,15,0.7416434526443482
Georgia,8,Akron,12,0.5103269755840302
Gonzaga,3,Akron,12,0.8144818067550659
Akron,12,Hawaii,13,0.6426429033279419
Akron,12,High Point,12,0.6406968474388123
Akron,12,Hofstra,13,0.7142625093460083
Houston,2,Akron,12,0.8023172974586487
Akron,12,Howard,16,0.6209670424461364
Akron,12,Idaho,15,0.5747347056865693
Illinois,3,Akron,12,0.8997252702713012
Iowa,9,Akron,12,0.7609103798866272
Iowa St,2,Akron,12,0.8418627500534057
Kansas,4,Akron,12,0.8052754521369934
Akron,12,Kennesaw,14,0.8023172974586487
Kentucky,7,Akron,12,0.8249363541603089
Akron,12,Lehigh,16,0.8138575196266175
Akron,12,LIU Brooklyn,16,0.7385241866111756
Louisville,6,Akron,12,0.782285726070404
McNeese St,12,Akron,12,0.3693798929452896
Miami FL,7,Akron,12,0.7188108086585998
Miami OH,11,Akron,12,0.35921921730041506
Michigan,1,Akron,12,0.8620165944099426
Michigan St,3,Akron,12,0.8214572191238403
Missouri,10,Akron,12,0.46427951455116273
Akron,12,N Dakota St,14,0.5709394931793212
NC State,11,Akron,12,0.4854720592498779
Nebraska,4,Akron,12,0.6075573861598969
North Carolina,6,Akron,12,0.7597198963165284
Akron,12,Northern Iowa,12,0.537106043100357
Ohio St,8,Akron,12,0.5997877597808838
Akron,12,Penn,14,0.7569930076599121
Akron,12,Prairie View,16,0.7590956091880798
Purdue,2,Akron,12,0.8006356477737426
Akron,12,Queens NC,15,0.9049523949623108
Santa Clara,10,Akron,12,0.49958970546722414
Akron,12,Siena,16,0.6749032020568848
SMU,11,Akron,12,0.48302451372146604
South Florida,11,Akron,12,0.6843274474143982
St John's,5,Akron,12,0.8723116993904114
St Louis,9,Akron,12,0.6308318555355072
St Mary's CA,7,Akron,12,0.7859103798866272
TCU,9,Akron,12,0.6591496765613556
Tennessee,6,Akron,12,0.8425294160842896
Akron,12,Tennessee St,15,0.8454545497894287
Texas,11,Akron,12,0.5601742327213287
Texas A&M,10,Akron,12,0.6942548990249634
Texas Tech,5,Akron,12,0.8723443269729614
Akron,12,Troy,13,0.7171150326728821
UCF,10,Akron,12,0.393306702375412
UCLA,7,Akron,12,0.5601742327213287
Akron,12,UMBC,16,0.734253466129303
Utah St,9,Akron,12,0.6751210927963257
Vanderbilt,5,Akron,12,0.8298737406730652
VCU,11,Akron,12,0.5171204268932342
Villanova,8,Akron,12,0.7240056157112121
Virginia,3,Akron,12,0.7955608248710633
Wisconsin,5,Akron,12,0.5512236893177033
Akron,12,Wright St,14,0.7792070746421814
Arizona,1,Alabama,4,0.5659403085708619
Alabama,4,Arkansas,4,0.497492516040802
Alabama,4,BYU,6,0.6595132112503052
Alabama,4,Cal Baptist,13,0.7876670360565186
Alabama,4,Clemson,8,0.7205608248710632
Connecticut,2,Alabama,4,0.45506827235221864
Duke,1,Alabama,4,0.6728622317314148
Florida,1,Alabama,4,0.5105016171932221
Alabama,4,Furman,15,0.9316666722297668
Alabama,4,Georgia,8,0.6683443784713745
Gonzaga,3,Alabama,4,0.4006874024868011
Alabama,4,Hawaii,13,0.8030165910720826
Alabama,4,High Point,12,0.8733333349227905
Alabama,4,Hofstra,13,0.7333514332771301
Houston,2,Alabama,4,0.5569641649723053
Alabama,4,Howard,16,0.8334211111068726
Alabama,4,Idaho,15,0.7684046626091003
Illinois,3,Alabama,4,0.6404706478118897
Alabama,4,Iowa,9,0.6818728089332581
Iowa St,2,Alabama,4,0.32463050782680514
Alabama,4,Kansas,4,0.5997877597808838
Alabama,4,Kennesaw,14,0.9756666660308838
Alabama,4,Kentucky,7,0.691624665260315
Alabama,4,Lehigh,16,0.9534444451332093
Alabama,4,LIU Brooklyn,16,0.9490000009536743
Alabama,4,Louisville,6,0.6540107131004333
Alabama,4,McNeese St,12,0.8106911659240723
Alabama,4,Miami FL,7,0.666291332244873
Alabama,4,Miami OH,11,0.8461538434028626
Michigan,1,Alabama,4,0.6581369638442993
Michigan St,3,Alabama,4,0.4274065256118774
Alabama,4,Missouri,10,0.6943770051002502
Alabama,4,N Dakota St,14,0.8030165910720826
Alabama,4,NC State,11,0.6158681988716126
Nebraska,4,Alabama,4,0.40532715916633605
Alabama,4,North Carolina,6,0.7852860927581787
Alabama,4,Northern Iowa,12,0.8285077810287476
Alabama,4,Ohio St,8,0.709253466129303
Alabama,4,Penn,14,0.8030165910720826
Alabama,4,Prairie View,16,0.9534444451332093
Purdue,2,Alabama,4,0.5855075657367707
Alabama,4,Queens NC,15,0.9490000009536743
Alabama,4,Santa Clara,10,0.6690436720848083
Alabama,4,Siena,16,0.9483333349227905
Alabama,4,SMU,11,0.6253822445869446
Alabama,4,South Florida,11,0.7882913231849671
Alabama,4,St John's,5,0.5580295145511627
Alabama,4,St Louis,9,0.724603021144867
Alabama,4,St Mary's CA,7,0.783396315574646
Alabama,4,TCU,9,0.7110211372375488
Alabama,4,Tennessee,6,0.7116437077522277
Alabama,4,Tennessee St,15,0.9534444451332093
Alabama,4,Texas,11,0.6595132112503052
Alabama,4,Texas A&M,10,0.6543184041976928
Alabama,4,Texas Tech,5,0.4078971564769745
Alabama,4,Troy,13,0.8995238184928894
Alabama,4,UCF,10,0.6683443784713745
Alabama,4,UCLA,7,0.666291332244873
Alabama,4,UMBC,16,0.9527777791023254
Alabama,4,Utah St,9,0.6952274918556214
Alabama,4,Vanderbilt,5,0.43459996581077576
Alabama,4,VCU,11,0.8030165910720826
Alabama,4,Villanova,8,0.6690436720848083
Virginia,3,Alabama,4,0.39217572212219237
Alabama,4,Wisconsin,5,0.603264594078064
Alabama,4,Wright St,14,0.9534444451332093
Arizona,1,Arkansas,4,0.7034612536430359
Arizona,1,BYU,6,0.7392625093460083
Arizona,1,Cal Baptist,13,0.8570532321929931
Arizona,1,Clemson,8,0.6490527153015136
Arizona,1,Connecticut,2,0.6321827292442321
Duke,1,Arizona,1,0.7443703413009644
Arizona,1,Florida,1,0.6571827292442322
Arizona,1,Furman,15,1.0
Arizona,1,Georgia,8,0.704247522354126
Arizona,1,Gonzaga,3,0.8138575196266175
Arizona,1,Hawaii,13,0.8298737406730652
Arizona,1,High Point,12,0.9323333382606507
Arizona,1,Hofstra,13,0.8570532321929931
Arizona,1,Houston,2,0.5659403085708619
Arizona,1,Howard,16,0.9649999976158142
Arizona,1,Idaho,15,0.9694444417953492
Arizona,1,Illinois,3,0.586036205291748
Arizona,1,Iowa,9,0.7205608248710632
Arizona,1,Iowa St,2,0.689250361919403
Arizona,1,Kansas,4,0.8350370049476623
Arizona,1,Kennesaw,14,0.9694444417953492
Arizona,1,Kentucky,7,0.6343956112861633
Arizona,1,Lehigh,16,1.0
Arizona,1,LIU Brooklyn,16,1.0
Arizona,1,Louisville,6,0.6694172620773315
Arizona,1,McNeese St,12,0.8563865661621094
Arizona,1,Miami FL,7,0.6917927384376525
Arizona,1,Miami OH,11,0.9323333382606507
Arizona,1,Michigan,1,0.410085391998291
Arizona,1,Michigan St,3,0.7063499331474304
Arizona,1,Missouri,10,0.7916409134864807
Arizona,1,N Dakota St,14,0.9671571493148804
Arizona,1,NC State,11,0.8138575196266175
Arizona,1,Nebraska,4,0.7968145847320557
Arizona,1,North Carolina,6,0.6924594044685364
Arizona,1,Northern Iowa,12,0.829263162612915
Arizona,1,Ohio St,8,0.7839211225509644
Arizona,1,Penn,14,0.9483333349227905
Arizona,1,Prairie View,16,0.9916666626930237
Arizona,1,Purdue,2,0.6150831580162048
Arizona,1,Queens NC,15,0.9694444417953492
Arizona,1,Santa Clara,10,0.8298737406730652
Arizona,1,Siena,16,0.9916666626930237
Arizona,1,SMU,11,0.8153737187385559
Arizona,1,South Florida,11,0.8095867991447449
Arizona,1,St John's,5,0.6968674778938293
Arizona,1,St Louis,9,0.8102860927581788
Arizona,1,St Mary's CA,7,0.6469079971313476
Arizona,1,TCU,9,0.7590956091880798
Arizona,1,Tennessee,6,0.5789910793304444
Arizona,1,Tennessee St,15,0.9916666626930237
Arizona,1,Texas,11,0.8190170168876648
Arizona,1,Texas A&M,10,0.79165598154068
Arizona,1,Texas Tech,5,0.7443770051002503
Arizona,1,Troy,13,0.9857291221618653
Arizona,1,UCF,10,0.8503865599632263
Arizona,1,UCLA,7,0.7840956091880799
Arizona,1,UMBC,16,0.9977029800415039
Arizona,1,Utah St,9,0.7705608248710633
Arizona,1,Vanderbilt,5,0.7022767424583435
Arizona,1,VCU,11,0.7852860927581787
Arizona,1,Villanova,8,0.745043671131134
Arizona,1,Virginia,3,0.7852860927581787
Arizona,1,Wisconsin,5,0.8256356477737427
Arizona,1,Wright St,14,1.0
Arkansas,4,BYU,6,0.5604300439357758
Arkansas,4,Cal Baptist,13,0.7420320987701416
Arkansas,4,Clemson,8,0.5801598489284515
Connecticut,2,Arkansas,4,0.6346904933452606
Duke,1,Arkansas,4,0.8292070746421814
Florida,1,Arkansas,4,0.6581369638442993
Arkansas,4,Furman,15,0.9527777791023254
Arkansas,4,Georgia,8,0.6089941143989563
Gonzaga,3,Arkansas,4,0.5512236893177033
Arkansas,4,Hawaii,13,0.8030165910720826
Arkansas,4,High Point,12,0.8780952453613281
Arkansas,4,Hofstra,13,0.7385241866111756
Houston,2,Arkansas,4,0.7503023147583008
Arkansas,4,Howard,16,0.8607110142707824
Arkansas,4,Idaho,15,0.8997252702713012
Illinois,3,Arkansas,4,0.6308318555355072
Arkansas,4,Iowa,9,0.44465160369873047
Iowa St,2,Arkansas,4,0.589366203546524
Kansas,4,Arkansas,4,0.41753429770469663
Arkansas,4,Kennesaw,14,0.9534444451332093
Arkansas,4,Kentucky,7,0.7113544702529907
Arkansas,4,Lehigh,16,0.9882331132888794
Arkansas,4,LIU Brooklyn,16,0.9756666660308838
Arkansas,4,Louisville,6,0.5564262628555298
Arkansas,4,McNeese St,12,0.8349579930305481
Arkansas,4,Miami FL,7,0.6209670424461364
Arkansas,4,Miami OH,11,0.9483333349227905
Michigan,1,Arkansas,4,0.8109103798866272
Michigan St,3,Arkansas,4,0.4981220781803131
Arkansas,4,Missouri,10,0.6728622317314148
Arkansas,4,N Dakota St,14,0.8613499283790589
Arkansas,4,NC State,11,0.6451120495796203
Nebraska,4,Arkansas,4,0.5463123977184295
Arkansas,4,North Carolina,6,0.6150831580162048
Arkansas,4,Northern Iowa,12,0.7882913231849671
Arkansas,4,Ohio St,8,0.5603383719921112
Arkansas,4,Penn,14,0.8249828457832337
Arkansas,4,Prairie View,16,0.9756666660308838
Purdue,2,Arkansas,4,0.6305770516395569
Arkansas,4,Queens NC,15,0.9490000009536743
Arkansas,4,Santa Clara,10,0.7226820349693298
Arkansas,4,Siena,16,0.9534444451332093
Arkansas,4,SMU,11,0.7274273037910461
Arkansas,4,South Florida,11,0.7491322517395019
Arkansas,4,St John's,5,0.5567339539527894
Arkansas,4,St Louis,9,0.6952274918556214
Arkansas,4,St Mary's CA,7,0.6952274918556214
Arkansas,4,TCU,9,0.5521742284297944
Arkansas,4,Tennessee,6,0.5797502636909485
Arkansas,4,Tennessee St,15,0.9756666660308838
Arkansas,4,Texas,11,0.6936324715614319
Arkansas,4,Texas A&M,10,0.5708516001701355
Arkansas,4,Texas Tech,5,0.4746961832046509
Arkansas,4,Troy,13,0.9483333349227905
Arkansas,4,UCF,10,0.7173052191734314
Arkansas,4,UCLA,7,0.5655331790447236
Arkansas,4,UMBC,16,0.9534444451332093
Arkansas,4,Utah St,9,0.6089941143989563
Arkansas,4,Vanderbilt,5,0.43953903913497927
Arkansas,4,VCU,11,0.6742384791374206
Arkansas,4,Villanova,8,0.48426513075828553
Virginia,3,Arkansas,4,0.43953903913497927
Arkansas,4,Wisconsin,5,0.6346853256225586
Arkansas,4,Wright St,14,0.9780734062194825
BYU,6,Cal Baptist,13,0.8292070746421814
BYU,6,Clemson,8,0.5912736415863037
Connecticut,2,BYU,6,0.5512236893177033
Duke,1,BYU,6,0.7994451642036438
Florida,1,BYU,6,0.7597198963165284
BYU,6,Furman,15,0.9316666722297668
BYU,6,Georgia,8,0.580057954788208
Gonzaga,3,BYU,6,0.6089941143989563
BYU,6,Hawaii,13,0.7185332298278808
BYU,6,High Point,12,0.8223443269729614
BYU,6,Hofstra,13,0.6089941143989563
Houston,2,BYU,6,0.8006356477737426
BYU,6,Howard,16,0.8138575196266175
BYU,6,Idaho,15,0.8292070746421814
Illinois,3,BYU,6,0.7859103798866272
BYU,6,Iowa,9,0.49128987193107604
Iowa St,2,BYU,6,0.6141889214515686
Kansas,4,BYU,6,0.5564262628555298
BYU,6,Kennesaw,14,0.9534444451332093
BYU,6,Kentucky,7,0.5463123977184295
BYU,6,Lehigh,16,0.9534444451332093
BYU,6,LIU Brooklyn,16,0.9756666660308838
Louisville,6,BYU,6,0.43953903913497927
BYU,6,McNeese St,12,0.7237989187240601
BYU,6,Miami FL,7,0.6113255262374878
BYU,6,Miami OH,11,0.8461538434028626
Michigan,1,BYU,6,0.8133293271064759
Michigan St,3,BYU,6,0.6251210927963257
BYU,6,Missouri,10,0.5659403085708619
BYU,6,N Dakota St,14,0.8023172974586487
BYU,6,NC State,11,0.5210361778736115
Nebraska,4,BYU,6,0.6499032020568848
North Carolina,6,BYU,6,0.34594338536262514
BYU,6,Northern Iowa,12,0.7204453825950623
BYU,6,Ohio St,8,0.5911536693572998
BYU,6,Penn,14,0.7987897634506226
BYU,6,Prairie View,16,0.9534444451332093
Purdue,2,BYU,6,0.6995718121528626
BYU,6,Queens NC,15,0.9323333382606507
BYU,6,Santa Clara,10,0.5782711923122406
BYU,6,Siena,16,0.94351886510849
BYU,6,SMU,11,0.5829580008983613
BYU,6,South Florida,11,0.5680583953857422
St John's,5,BYU,6,0.580057954788208
BYU,6,St Louis,9,0.5997877597808838
BYU,6,St Mary's CA,7,0.5567339539527894
BYU,6,TCU,9,0.565369039773941
Tennessee,6,BYU,6,0.5168127357959748
BYU,6,Tennessee St,15,0.9534444451332093
BYU,6,Texas,11,0.580057954788208
BYU,6,Texas A&M,10,0.5249185800552368
Texas Tech,5,BYU,6,0.6952274918556214
BYU,6,Troy,13,0.9269047617912293
BYU,6,UCF,10,0.6683443784713745
BYU,6,UCLA,7,0.49066686630249023
BYU,6,UMBC,16,0.9490000009536743
BYU,6,Utah St,9,0.5659403085708619
Vanderbilt,5,BYU,6,0.6343274474143982
BYU,6,VCU,11,0.6683443784713745
BYU,6,Villanova,8,0.41747201085090635
Virginia,3,BYU,6,0.5601742327213287
Wisconsin,5,BYU,6,0.497492516040802
BYU,6,Wright St,14,0.9756666660308838
Clemson,8,Cal Baptist,13,0.6190297365188598
Connecticut,2,Cal Baptist,13,0.7644818067550659
Duke,1,Cal Baptist,13,0.8503865599632263
Florida,1,Cal Baptist,13,0.8600957870483399
Cal Baptist,13,Furman,15,0.8131582260131835
Georgia,8,Cal Baptist,13,0.7595867991447449
Gonzaga,3,Cal Baptist,13,0.7788837790489197
Cal Baptist,13,Hawaii,13,0.4563506245613098
High Point,12,Cal Baptist,13,0.5916366875171661
Cal Baptist,13,Hofstra,13,0.40532715916633605
Houston,2,Cal Baptist,13,0.8030165910720826
Cal Baptist,13,Howard,16,0.5171204268932342
Cal Baptist,13,Idaho,15,0.497492516040802
Illinois,3,Cal Baptist,13,0.8580850243568421
Iowa,9,Cal Baptist,13,0.6925006031990051
Iowa St,2,Cal Baptist,13,0.8030165910720826
Kansas,4,Cal Baptist,13,0.7005962371826172
Cal Baptist,13,Kennesaw,14,0.6925006031990051
Kentucky,7,Cal Baptist,13,0.8131582260131835
Cal Baptist,13,Lehigh,16,0.8569947719573975
Cal Baptist,13,LIU Brooklyn,16,0.8562954783439636
Louisville,6,Cal Baptist,13,0.8292070746421814
McNeese St,12,Cal Baptist,13,0.6089941143989563
Miami FL,7,Cal Baptist,13,0.7567538976669311
Miami OH,11,Cal Baptist,13,0.5916366875171661
Michigan,1,Cal Baptist,13,0.8918744564056397
Michigan St,3,Cal Baptist,13,0.8292070746421814
Missouri,10,Cal Baptist,13,0.799132251739502
Cal Baptist,13,N Dakota St,14,0.45126017928123474
NC State,11,Cal Baptist,13,0.7869677424430848
Nebraska,4,Cal Baptist,13,0.6886214852333069
North Carolina,6,Cal Baptist,13,0.799132251739502
Northern Iowa,12,Cal Baptist,13,0.6683443784713745
Ohio St,8,Cal Baptist,13,0.7749363541603088
Cal Baptist,13,Penn,14,0.41644338965415956
Cal Baptist,13,Prairie View,16,0.8138575196266175
Purdue,2,Cal Baptist,13,0.8570532321929931
Cal Baptist,13,Queens NC,15,0.742342746257782
Santa Clara,10,Cal Baptist,13,0.7869677424430848
Cal Baptist,13,Siena,16,0.7631582260131836
SMU,11,Cal Baptist,13,0.7882913231849671
South Florida,11,Cal Baptist,13,0.7257983922958374
St John's,5,Cal Baptist,13,0.799132251739502
St Louis,9,Cal Baptist,13,0.6494287014007568
St Mary's CA,7,Cal Baptist,13,0.786577045917511
TCU,9,Cal Baptist,13,0.6089941143989563
Tennessee,6,Cal Baptist,13,0.8151484727859497
Cal Baptist,13,Tennessee St,15,0.833968985080719
Texas,11,Cal Baptist,13,0.7499363541603088
Texas A&M,10,Cal Baptist,13,0.7729417681694031
Texas Tech,5,Cal Baptist,13,0.8585723757743835
Cal Baptist,13,Troy,13,0.6086864233016968
UCF,10,Cal Baptist,13,0.7002365350723266
UCLA,7,Cal Baptist,13,0.7237989187240601
Cal Baptist,13,UMBC,16,0.818619430065155
Utah St,9,Cal Baptist,13,0.7205608248710632
Vanderbilt,5,Cal Baptist,13,0.8102860927581788
VCU,11,Cal Baptist,13,0.8301049947738648
Villanova,8,Cal Baptist,13,0.7378248929977417
Virginia,3,Cal Baptist,13,0.7642625093460083
Wisconsin,5,Cal Baptist,13,0.833968985080719
Cal Baptist,13,Wright St,14,0.6925006031990051
Connecticut,2,Clemson,8,0.6404719352722168
Duke,1,Clemson,8,0.8102860927581788
Florida,1,Clemson,8,0.7296517372131348
Clemson,8,Furman,15,0.8792840838432312
Clemson,8,Georgia,8,0.5659403085708619
Gonzaga,3,Clemson,8,0.5997877597808838
Clemson,8,Hawaii,13,0.5708516001701355
Clemson,8,High Point,12,0.7602860927581787
Clemson,8,Hofstra,13,0.734846544265747
Houston,2,Clemson,8,0.8006356477737426
Clemson,8,Howard,16,0.7693703413009644
Clemson,8,Idaho,15,0.7693703413009644
Illinois,3,Clemson,8,0.6543184041976928
Clemson,8,Iowa,9,0.36433178186416626
Iowa St,2,Clemson,8,0.7859103798866272
Kansas,4,Clemson,8,0.589366203546524
Clemson,8,Kennesaw,14,0.7994451642036438
Kentucky,7,Clemson,8,0.5050999701023102
Clemson,8,Lehigh,16,0.9490000009536743
Clemson,8,LIU Brooklyn,16,0.9490000009536743
Louisville,6,Clemson,8,0.6010833203792572
Clemson,8,McNeese St,12,0.44465160369873047
Miami FL,7,Clemson,8,0.570543909072876
Clemson,8,Miami OH,11,0.7693703413009644
Michigan,1,Clemson,8,0.7233813285827637
Michigan St,3,Clemson,8,0.7034612536430359
Clemson,8,Missouri,10,0.6990460515022278
Clemson,8,N Dakota St,14,0.7882913231849671
Clemson,8,NC State,11,0.47346726059913635
Nebraska,4,Clemson,8,0.589366203546524
North Carolina,6,Clemson,8,0.497492516040802
Clemson,8,Northern Iowa,12,0.5318528234958648
Clemson,8,Ohio St,8,0.4946817994117737
Clemson,8,Penn,14,0.6796517372131348
Clemson,8,Prairie View,16,0.904285728931427
Purdue,2,Clemson,8,0.6089941143989563
Clemson,8,Queens NC,15,0.8263023138046265
Clemson,8,Santa Clara,10,0.5567339539527894
Clemson,8,Siena,16,0.9209523916244506
Clemson,8,SMU,11,0.5659403085708619
Clemson,8,South Florida,11,0.3712396740913391
St John's,5,Clemson,8,0.5855881929397583
Clemson,8,St Louis,9,0.31748989671468736
St Mary's CA,7,Clemson,8,0.5976430416107178
Clemson,8,TCU,9,0.5567339539527894
Tennessee,6,Clemson,8,0.6020582437515258
Clemson,8,Tennessee St,15,0.9323333382606507
Clemson,8,Texas,11,0.5312380731105805
Clemson,8,Texas A&M,10,0.38102864325046537
Texas Tech,5,Clemson,8,0.7847198963165283
Clemson,8,Troy,13,0.8102860927581788
Clemson,8,UCF,10,0.6610256433486938
UCLA,7,Clemson,8,0.5171204268932342
Clemson,8,UMBC,16,0.9049523949623108
Clemson,8,Utah St,9,0.30834712386131286
Vanderbilt,5,Clemson,8,0.6010833203792572
Clemson,8,VCU,11,0.497492516040802
Clemson,8,Villanova,8,0.34141511619091036
Virginia,3,Clemson,8,0.6251210927963257
Wisconsin,5,Clemson,8,0.6010833203792572
Clemson,8,Wright St,14,0.8730603337287903
Duke,1,Connecticut,2,0.7852860927581787
Florida,1,Connecticut,2,0.6000174522399903
Connecticut,2,Furman,15,0.9323333382606507
Connecticut,2,Georgia,8,0.580057954788208
Connecticut,2,Gonzaga,3,0.45155949592590333
Connecticut,2,Hawaii,13,0.7882913231849671
Connecticut,2,High Point,12,0.8292070746421814
Connecticut,2,Hofstra,13,0.799132251739502
Houston,2,Connecticut,2,0.7153425097465516
Connecticut,2,Howard,16,0.8456025004386902
Connecticut,2,Idaho,15,0.8565880179405212
Connecticut,2,Illinois,3,0.3665999174118042
Connecticut,2,Iowa,9,0.5171204268932342
Connecticut,2,Iowa St,2,0.37931150794029234
Connecticut,2,Kansas,4,0.5116101622581481
Connecticut,2,Kennesaw,14,0.9323333382606507
Connecticut,2,Kentucky,7,0.5889183878898621
Connecticut,2,Lehigh,16,0.9649999976158142
Connecticut,2,LIU Brooklyn,16,0.9490000009536743
Connecticut,2,Louisville,6,0.5656326174736023
Connecticut,2,McNeese St,12,0.6805236458778381
Connecticut,2,Miami FL,7,0.6284520506858826
Connecticut,2,Miami OH,11,0.8997252702713012
Michigan,1,Connecticut,2,0.7416246652603149
Connecticut,2,Michigan St,3,0.5628515958786011
Connecticut,2,Missouri,10,0.6395222544670105
Connecticut,2,N Dakota St,14,0.8420745611190796
Connecticut,2,NC State,11,0.6089941143989563
Connecticut,2,Nebraska,4,0.45155949592590333
Connecticut,2,North Carolina,6,0.6230200886726379
Connecticut,2,Northern Iowa,12,0.7538079619407654
Connecticut,2,Ohio St,8,0.6089941143989563
Connecticut,2,Penn,14,0.8418627500534057
Connecticut,2,Prairie View,16,0.9649999976158142
Connecticut,2,Purdue,2,0.537106043100357
Connecticut,2,Queens NC,15,0.9003919363021851
Connecticut,2,Santa Clara,10,0.6150831580162048
Connecticut,2,Siena,16,0.9490000009536743
Connecticut,2,SMU,11,0.672162938117981
Connecticut,2,South Florida,11,0.5050999701023102
Connecticut,2,St John's,5,0.5463123977184295
Connecticut,2,St Louis,9,0.5192176163196563
Connecticut,2,St Mary's CA,7,0.5116101622581481
Connecticut,2,TCU,9,0.7143956065177918
Connecticut,2,Tennessee,6,0.5604300439357758
Connecticut,2,Tennessee St,15,0.9537214517593384
Connecticut,2,Texas,11,0.6010833203792572
Connecticut,2,Texas A&M,10,0.5601742327213287
Connecticut,2,Texas Tech,5,0.3863988101482391
Connecticut,2,Troy,13,0.9003919363021851
Connecticut,2,UCF,10,0.7999363541603088
Connecticut,2,UCLA,7,0.6520622968673706
Connecticut,2,UMBC,16,0.9490000009536743
Connecticut,2,Utah St,9,0.5171204268932342
Connecticut,2,Vanderbilt,5,0.4466204226016998
Connecticut,2,VCU,11,0.6193113386631012
Connecticut,2,Villanova,8,0.5171204268932342
Connecticut,2,Virginia,3,0.5659403085708619
Connecticut,2,Wisconsin,5,0.5808470726013184
Connecticut,2,Wright St,14,0.9490000009536743
Duke,1,Florida,1,0.8138575196266175
Duke,1,Furman,15,0.9694444417953492
Duke,1,Georgia,8,0.7553113579750061
Duke,1,Gonzaga,3,0.8138575196266175
Duke,1,Hawaii,13,0.8298737406730652
Duke,1,High Point,12,0.9323333382606507
Duke,1,Hofstra,13,0.8563865661621094
Duke,1,Houston,2,0.7001912593841553
Duke,1,Howard,16,0.9490000009536743
Duke,1,Idaho,15,0.927571427822113
Duke,1,Illinois,3,0.5940839290618897
Duke,1,Iowa,9,0.709253466129303
Duke,1,Iowa St,2,0.6639291763305664
Duke,1,Kansas,4,0.8292070746421814
Duke,1,Kennesaw,14,0.9916666626930237
Duke,1,Kentucky,7,0.8256356477737427
Duke,1,Lehigh,16,0.9916666626930237
Duke,1,LIU Brooklyn,16,0.9916666626930237
Duke,1,Louisville,6,0.6752365350723266
Duke,1,McNeese St,12,0.8570532321929931
Duke,1,Miami FL,7,0.771227490901947
Duke,1,Miami OH,11,0.9323333382606507
Duke,1,Michigan,1,0.5512236893177033
Duke,1,Michigan St,3,0.8081798553466797
Duke,1,Missouri,10,0.7262322068214416
Duke,1,N Dakota St,14,0.9483333349227905
Duke,1,NC State,11,0.8292070746421814
Duke,1,Nebraska,4,0.8044238209724426
Duke,1,North Carolina,6,0.7849133610725403
Duke,1,Northern Iowa,12,0.8570532321929931
Duke,1,Ohio St,8,0.783183491230011
Duke,1,Penn,14,0.8961127877235413
Duke,1,Prairie View,16,0.9916666626930237
Duke,1,Purdue,2,0.7852860927581787
Duke,1,Queens NC,15,0.9662575244903564
Duke,1,Santa Clara,10,0.8145241856575012
Duke,1,Siena,16,0.9916666626930237
Duke,1,SMU,11,0.8295613765716553
Duke,1,South Florida,11,0.8138248920440674
Duke,1,St John's,5,0.8256356477737427
Duke,1,St Louis,9,0.8138575196266175
Duke,1,St Mary's CA,7,0.6290374040603638
Duke,1,TCU,9,0.8145241856575012
Duke,1,Tennessee,6,0.8131582260131835
Duke,1,Tennessee St,15,0.9916666626930237
Duke,1,Texas,11,0.8292070746421814
Duke,1,Texas A&M,10,0.8102860927581788
Duke,1,Texas Tech,5,0.7436777114868164
Duke,1,Troy,13,0.9367777824401855
Duke,1,UCF,10,0.8570532321929931
Duke,1,UCLA,7,0.8256356477737427
Duke,1,UMBC,16,0.9916666626930237
Duke,1,Utah St,9,0.7865757346153259
Duke,1,Vanderbilt,5,0.8256356477737427
Duke,1,VCU,11,0.7387713193893433
Duke,1,Villanova,8,0.7443770051002503
Duke,1,Virginia,3,0.8112232208251953
Duke,1,Wisconsin,5,0.7408397316932678
Duke,1,Wright St,14,0.9916666626930237
Florida,1,Furman,15,0.9773998975753784
Florida,1,Georgia,8,0.7130720257759094
Florida,1,Gonzaga,3,0.6707175135612488
Florida,1,Hawaii,13,0.8298737406730652
Florida,1,High Point,12,0.8761024832725525
Florida,1,Hofstra,13,0.9048035144805908
Florida,1,Houston,2,0.3793898344039917
Florida,1,Howard,16,0.9490000009536743
Florida,1,Idaho,15,0.9323333382606507
Florida,1,Illinois,3,0.37884712815284727
Florida,1,Iowa,9,0.6796517372131348
Florida,1,Iowa St,2,0.47506954669952395
Florida,1,Kansas,4,0.7154341816902161
Florida,1,Kennesaw,14,0.9649999976158142
Florida,1,Kentucky,7,0.6773915767669678
Florida,1,Lehigh,16,0.9694444417953492
Florida,1,LIU Brooklyn,16,0.9916666626930237
Florida,1,Louisville,6,0.6604074478149414
Florida,1,McNeese St,12,0.8145241856575012
Florida,1,Miami FL,7,0.6355075657367706
Florida,1,Miami OH,11,0.9051538467407226
Michigan,1,Florida,1,0.6701098918914795
Florida,1,Michigan St,3,0.5659403085708619
Florida,1,Missouri,10,0.6701165556907653
Florida,1,N Dakota St,14,0.9483333349227905
Florida,1,NC State,11,0.7758282899856568
Florida,1,Nebraska,4,0.6291091322898865
Florida,1,North Carolina,6,0.6808318555355072
Florida,1,Northern Iowa,12,0.8145241856575012
Florida,1,Ohio St,8,0.7456493735313415
Florida,1,Penn,14,0.9323333382606507
Florida,1,Prairie View,16,0.9805487751960754
Florida,1,Purdue,2,0.3490225702524185
Florida,1,Queens NC,15,0.9694444417953492
Florida,1,Santa Clara,10,0.8570532321929931
Florida,1,Siena,16,0.9694444417953492
Florida,1,SMU,11,0.8145241856575012
Florida,1,South Florida,11,0.6983534216880798
Florida,1,St John's,5,0.6020582437515258
Florida,1,St Louis,9,0.7852860927581787
Florida,1,St Mary's CA,7,0.5659403085708619
Florida,1,TCU,9,0.7007155776023865
Florida,1,Tennessee,6,0.5567339539527894
Florida,1,Tennessee St,15,0.9694444417953492
Florida,1,Texas,11,0.7590956091880798
Florida,1,Texas A&M,10,0.6997193813323974
Florida,1,Texas Tech,5,0.6483534216880799
Florida,1,Troy,13,0.9367777824401855
Florida,1,UCF,10,0.8723443269729614
Florida,1,UCLA,7,0.7705608248710633
Florida,1,UMBC,16,0.9694444417953492
Florida,1,Utah St,9,0.7436777114868164
Florida,1,Vanderbilt,5,0.5659403085708619
Florida,1,VCU,11,0.8256356477737427
Florida,1,Villanova,8,0.6355075657367706
Florida,1,Virginia,3,0.6150831580162048
Florida,1,Wisconsin,5,0.7086560606956482
Florida,1,Wright St,14,0.9836279273033142
Georgia,8,Furman,15,0.8509157538414002
Gonzaga,3,Furman,15,0.8891960859298706
Hawaii,13,Furman,15,0.8618151426315308
High Point,12,Furman,15,0.7729417681694031
Hofstra,13,Furman,15,0.7205608248710632
Houston,2,Furman,15,0.8891960859298706
Furman,15,Howard,16,0.5087293207645416
Idaho,15,Furman,15,0.7655860900878906
Illinois,3,Furman,15,0.9916666626930237
Iowa,9,Furman,15,0.927571427822113
Iowa St,2,Furman,15,0.9527777791023254
Kansas,4,Furman,15,0.9269047617912293
Kennesaw,14,Furman,15,0.5624447166919708
Kentucky,7,Furman,15,0.9694444417953492
Furman,15,Lehigh,16,0.5872620940208435
Furman,15,LIU Brooklyn,16,0.5312380731105805
Louisville,6,Furman,15,0.9694444417953492
McNeese St,12,Furman,15,0.8563865661621094
Miami FL,7,Furman,15,0.9649999976158142
Miami OH,11,Furman,15,0.5945610105991364
Michigan,1,Furman,15,0.9959972739219666
Michigan St,3,Furman,15,0.9694444417953492
Missouri,10,Furman,15,0.9044871807098389
N Dakota St,14,Furman,15,0.6226430416107178
NC State,11,Furman,15,0.8661996126174927
Nebraska,4,Furman,15,0.8370648622512817
North Carolina,6,Furman,15,0.9649999976158142
Northern Iowa,12,Furman,15,0.8292070746421814
Ohio St,8,Furman,15,0.9445928931236267
Penn,14,Furman,15,0.7252365350723267
Furman,15,Prairie View,16,0.6229763746261596
Purdue,2,Furman,15,0.9916666626930237
Furman,15,Queens NC,15,0.5936132133007049
Santa Clara,10,Furman,15,0.8292070746421814
Furman,15,Siena,16,0.4854720592498779
SMU,11,Furman,15,0.8292070746421814
South Florida,11,Furman,15,0.8995238184928894
St John's,5,Furman,15,0.9649999976158142
St Louis,9,Furman,15,0.9269047617912293
St Mary's CA,7,Furman,15,0.9427191376686096
TCU,9,Furman,15,0.861148476600647
Tennessee,6,Furman,15,0.9483333349227905
Tennessee St,15,Furman,15,0.46340503096580504
Texas,11,Furman,15,0.7149618029594421
Texas A&M,10,Furman,15,0.9320158720016479
Texas Tech,5,Furman,15,0.9367777824401855
Troy,13,Furman,15,0.5820672869682312
UCF,10,Furman,15,0.7792070746421814
UCLA,7,Furman,15,0.905476188659668
Furman,15,UMBC,16,0.4376918524503708
Utah St,9,Furman,15,0.9315359234809876
Vanderbilt,5,Furman,15,0.975
VCU,11,Furman,15,0.8723443269729614
Villanova,8,Furman,15,0.9323333382606507
Virginia,3,Furman,15,0.9694444417953492
Wisconsin,5,Furman,15,0.9455419898033142
Wright St,14,Furman,15,0.5487339496612549
Gonzaga,3,Georgia,8,0.580057954788208
Georgia,8,Hawaii,13,0.7638575196266174
Georgia,8,High Point,12,0.749603021144867
Georgia,8,Hofstra,13,0.5659403085708619
Houston,2,Georgia,8,0.8085152268409729
Georgia,8,Howard,16,0.6784746289253235
Georgia,8,Idaho,15,0.6406968474388123
Illinois,3,Georgia,8,0.6734865188598633
Georgia,8,Iowa,9,0.35969202518463134
Iowa St,2,Georgia,8,0.7284215807914733
Kansas,4,Georgia,8,0.5659403085708619
Georgia,8,Kennesaw,14,0.83515944480896
Kentucky,7,Georgia,8,0.5567339539527894
Georgia,8,Lehigh,16,0.9490000009536743
Georgia,8,LIU Brooklyn,16,0.9299078464508057
Louisville,6,Georgia,8,0.6315629601478576
Georgia,8,McNeese St,12,0.6117606878280639
Miami FL,7,Georgia,8,0.537106043100357
Georgia,8,Miami OH,11,0.7930534482002258
Michigan,1,Georgia,8,0.8145241856575012
Michigan St,3,Georgia,8,0.5820672869682312
Georgia,8,Missouri,10,0.7455608248710632
Georgia,8,N Dakota St,14,0.7263706922531128
Georgia,8,NC State,11,0.4854720592498779
Nebraska,4,Georgia,8,0.6089941143989563
North Carolina,6,Georgia,8,0.4981220781803131
Georgia,8,Northern Iowa,12,0.6898396968841553
Ohio St,8,Georgia,8,0.5708516001701355
Georgia,8,Penn,14,0.5997877597808838
Georgia,8,Prairie View,16,0.9483333349227905
Purdue,2,Georgia,8,0.7737458705902099
Georgia,8,Queens NC,15,0.8995238184928894
Georgia,8,Santa Clara,10,0.5659403085708619
Georgia,8,Siena,16,0.8276345133781433
Georgia,8,SMU,11,0.5463123977184295
Georgia,8,South Florida,11,0.6117606878280639
St John's,5,Georgia,8,0.6202779650688172
Georgia,8,St Louis,9,0.537106043100357
St Mary's CA,7,Georgia,8,0.5567339539527894
Georgia,8,TCU,9,0.5765623629093171
Tennessee,6,Georgia,8,0.5820672869682312
Georgia,8,Tennessee St,15,0.9486563682556153
Georgia,8,Texas,11,0.5428168058395386
Georgia,8,Texas A&M,10,0.497492516040802
Texas Tech,5,Georgia,8,0.7086560606956482
Georgia,8,Troy,13,0.7538737416267395
Georgia,8,UCF,10,0.5463123977184295
UCLA,7,Georgia,8,0.5564262628555298
Georgia,8,UMBC,16,0.9486483335494995
Georgia,8,Utah St,9,0.4854720592498779
Vanderbilt,5,Georgia,8,0.6990460515022278
Georgia,8,VCU,11,0.5564262628555298
Villanova,8,Georgia,8,0.6089941143989563
Virginia,3,Georgia,8,0.6089941143989563
Wisconsin,5,Georgia,8,0.5404987931251526
Georgia,8,Wright St,14,0.9483333349227905
Gonzaga,3,Hawaii,13,0.6990460515022278
Gonzaga,3,High Point,12,0.7994451642036438
Gonzaga,3,Hofstra,13,0.8291744470596314
Houston,2,Gonzaga,3,0.7355770468711853
Gonzaga,3,Howard,16,0.8303444623947144
Gonzaga,3,Idaho,15,0.8497850656509399
Illinois,3,Gonzaga,3,0.6820849776268005
Gonzaga,3,Iowa,9,0.5405463218688965
Iowa St,2,Gonzaga,3,0.6595132112503052
Gonzaga,3,Kansas,4,0.6467858910560608
Gonzaga,3,Kennesaw,14,0.8837675094604492
Gonzaga,3,Kentucky,7,0.537106043100357
Gonzaga,3,Lehigh,16,0.9527777791023254
Gonzaga,3,LIU Brooklyn,16,0.9694444417953492
Gonzaga,3,Louisville,6,0.5463123977184295
Gonzaga,3,McNeese St,12,0.6843274474143982
Gonzaga,3,Miami FL,7,0.6499032020568848
Gonzaga,3,Miami OH,11,0.8292070746421814
Michigan,1,Gonzaga,3,0.8292070746421814
Michigan St,3,Gonzaga,3,0.4854720592498779
Gonzaga,3,Missouri,10,0.6499032020568848
Gonzaga,3,N Dakota St,14,0.857254683971405
Gonzaga,3,NC State,11,0.6499032020568848
Gonzaga,3,Nebraska,4,0.5567339539527894
Gonzaga,3,North Carolina,6,0.6243436694145202
Gonzaga,3,Northern Iowa,12,0.6435374855995178
Gonzaga,3,Ohio St,8,0.6343274474143982
Gonzaga,3,Penn,14,0.7847198963165283
Gonzaga,3,Prairie View,16,0.9649999976158142
Purdue,2,Gonzaga,3,0.716624665260315
Gonzaga,3,Queens NC,15,0.8747532486915588
Gonzaga,3,Santa Clara,10,0.7399618029594421
Gonzaga,3,Siena,16,0.8891960859298706
Gonzaga,3,SMU,11,0.7002365350723266
Gonzaga,3,South Florida,11,0.6093170821666718
Gonzaga,3,St John's,5,0.5708516001701355
Gonzaga,3,St Louis,9,0.5708516001701355
Gonzaga,3,St Mary's CA,7,0.5720579504966736
Gonzaga,3,TCU,9,0.6751210927963257
Gonzaga,3,Tennessee,6,0.5659403085708619
Gonzaga,3,Tennessee St,15,0.9323333382606507
Gonzaga,3,Texas,11,0.783396315574646
Gonzaga,3,Texas A&M,10,0.5997877597808838
Gonzaga,3,Texas Tech,5,0.38280236423015596
Gonzaga,3,Troy,13,0.8731009006500244
Gonzaga,3,UCF,10,0.79874587059021
Gonzaga,3,UCLA,7,0.6728622317314148
Gonzaga,3,UMBC,16,0.9323333382606507
Gonzaga,3,Utah St,9,0.6089941143989563
Gonzaga,3,Vanderbilt,5,0.3863988101482391
Gonzaga,3,VCU,11,0.6406968474388123
Gonzaga,3,Villanova,8,0.5189099252223969
Gonzaga,3,Virginia,3,0.5708516001701355
Gonzaga,3,Wisconsin,5,0.5659403085708619
Gonzaga,3,Wright St,14,0.9367777824401855
High Point,12,Hawaii,13,0.5463123977184295
Hofstra,13,Hawaii,13,0.537106043100357
Houston,2,Hawaii,13,0.8292070746421814
Hawaii,13,Howard,16,0.5624447166919708
Hawaii,13,Idaho,15,0.6018956959247589
Illinois,3,Hawaii,13,0.8618151426315308
Iowa,9,Hawaii,13,0.6490527153015136
Iowa St,2,Hawaii,13,0.8292070746421814
Kansas,4,Hawaii,13,0.6499032020568848
Hawaii,13,Kennesaw,14,0.7505087614059448
Kentucky,7,Hawaii,13,0.7502365350723267
Hawaii,13,Lehigh,16,0.8617566823959351
Hawaii,13,LIU Brooklyn,16,0.8723443269729614
Louisville,6,Hawaii,13,0.7840956091880799
McNeese St,12,Hawaii,13,0.6990460515022278
Miami FL,7,Hawaii,13,0.6910301804542541
Miami OH,11,Hawaii,13,0.5463123977184295
Michigan,1,Hawaii,13,0.9051960825920105
Michigan St,3,Hawaii,13,0.7691575169563294
Missouri,10,Hawaii,13,0.7240460515022278
Hawaii,13,N Dakota St,14,0.5601742327213287
NC State,11,Hawaii,13,0.7876670360565186
Nebraska,4,Hawaii,13,0.6141889214515686
North Carolina,6,Hawaii,13,0.7276174783706665
Northern Iowa,12,Hawaii,13,0.7328367829322815
Ohio St,8,Hawaii,13,0.734253466129303
Hawaii,13,Penn,14,0.5050999701023102
Hawaii,13,Prairie View,16,0.8145241856575012
Purdue,2,Hawaii,13,0.8570532321929931
Hawaii,13,Queens NC,15,0.7678339362144471
Santa Clara,10,Hawaii,13,0.7331193208694458
Hawaii,13,Siena,16,0.799132251739502
SMU,11,Hawaii,13,0.6990460515022278
South Florida,11,Hawaii,13,0.7869677424430848
St John's,5,Hawaii,13,0.7446016073226929
St Louis,9,Hawaii,13,0.6688705325126648
St Mary's CA,7,Hawaii,13,0.7296517372131348
TCU,9,Hawaii,13,0.580057954788208
Tennessee,6,Hawaii,13,0.8144818067550659
Hawaii,13,Tennessee St,15,0.7644818067550659
Texas,11,Hawaii,13,0.6889291763305664
Texas A&M,10,Hawaii,13,0.8131582260131835
Texas Tech,5,Hawaii,13,0.8410370111465454
Troy,13,Hawaii,13,0.30269213318824767
UCF,10,Hawaii,13,0.6782289028167725
UCLA,7,Hawaii,13,0.7240788578987122
Hawaii,13,UMBC,16,0.8292070746421814
Utah St,9,Hawaii,13,0.6282148957252502
Vanderbilt,5,Hawaii,13,0.7479087948799134
VCU,11,Hawaii,13,0.7729417681694031
Villanova,8,Hawaii,13,0.7876670360565186
Virginia,3,Hawaii,13,0.7380720257759095
Wisconsin,5,Hawaii,13,0.7642625093460083
Hawaii,13,Wright St,14,0.758515739440918
High Point,12,Hofstra,13,0.6253822445869446
Houston,2,High Point,12,0.8854370832443237
High Point,12,Howard,16,0.5912736415863037
High Point,12,Idaho,15,0.6421640276908874
Illinois,3,High Point,12,0.9049523949623108
Iowa,9,High Point,12,0.7538737416267395
Iowa St,2,High Point,12,0.8570532321929931
Kansas,4,High Point,12,0.775350546836853
High Point,12,Kennesaw,14,0.717833936214447
Kentucky,7,High Point,12,0.7970109939575195
High Point,12,Lehigh,16,0.8687729001045227
High Point,12,LIU Brooklyn,16,0.7857973575592041
Louisville,6,High Point,12,0.8995238184928894
McNeese St,12,High Point,12,0.5534082472324371
Miami FL,7,High Point,12,0.816167950630188
Miami OH,11,High Point,12,0.39657026529312134
Michigan,1,High Point,12,0.9297233343124389
Michigan St,3,High Point,12,0.8490333914756775
Missouri,10,High Point,12,0.6604616045951843
High Point,12,N Dakota St,14,0.5659403085708619
NC State,11,High Point,12,0.7756356477737427
Nebraska,4,High Point,12,0.7205608248710632
North Carolina,6,High Point,12,0.7644818067550659
Northern Iowa,12,High Point,12,0.5598665416240692
Ohio St,8,High Point,12,0.7970109939575195
High Point,12,Penn,14,0.6209670424461364
High Point,12,Prairie View,16,0.7257067441940308
Purdue,2,High Point,12,0.9001904845237731
High Point,12,Queens NC,15,0.8771062374114991
Santa Clara,10,High Point,12,0.7202274918556213
High Point,12,Siena,16,0.6117606878280639
SMU,11,High Point,12,0.5463123977184295
South Florida,11,High Point,12,0.7705608248710633
St John's,5,High Point,12,0.8730109930038452
St Louis,9,High Point,12,0.7993932962417603
St Mary's CA,7,High Point,12,0.724603021144867
TCU,9,High Point,12,0.7002365350723266
Tennessee,6,High Point,12,0.8023172974586487
High Point,12,Tennessee St,15,0.8454545497894287
Texas,11,High Point,12,0.6406968474388123
Texas A&M,10,High Point,12,0.8314285755157471
Texas Tech,5,High Point,12,0.927571427822113
High Point,12,Troy,13,0.5656326174736023
UCF,10,High Point,12,0.497492516040802
UCLA,7,High Point,12,0.7970109939575195
High Point,12,UMBC,16,0.7439332008361816
Utah St,9,High Point,12,0.8221779942512513
Vanderbilt,5,High Point,12,0.8497198939323425
VCU,11,High Point,12,0.7113544702529907
Villanova,8,High Point,12,0.8461538434028626
Virginia,3,High Point,12,0.8292070746421814
Wisconsin,5,High Point,12,0.8216450333595275
High Point,12,Wright St,14,0.7693703413009644
Houston,2,Hofstra,13,0.8100157022476197
Hofstra,13,Howard,16,0.5223152339458466
Hofstra,13,Idaho,15,0.4508676290512085
Illinois,3,Hofstra,13,0.8298737406730652
Iowa,9,Hofstra,13,0.6633317708969116
Iowa St,2,Hofstra,13,0.8139346837997437
Kansas,4,Hofstra,13,0.6467040300369262
Hofstra,13,Kennesaw,14,0.7202274918556213
Kentucky,7,Hofstra,13,0.7705608248710633
Hofstra,13,Lehigh,16,0.8617566823959351
Hofstra,13,LIU Brooklyn,16,0.8160790205001831
Louisville,6,Hofstra,13,0.7006239056587219
McNeese St,12,Hofstra,13,0.604982566833496
Miami FL,7,Hofstra,13,0.7731241464614869
Miami OH,11,Hofstra,13,0.5659403085708619
Michigan,1,Hofstra,13,0.9049523949623108
Michigan St,3,Hofstra,13,0.8298737406730652
Missouri,10,Hofstra,13,0.470888090133667
Hofstra,13,N Dakota St,14,0.5047922790050506
NC State,11,Hofstra,13,0.6752365350723266
Nebraska,4,Hofstra,13,0.6305770516395569
North Carolina,6,Hofstra,13,0.7446016073226929
Northern Iowa,12,Hofstra,13,0.45126017928123474
Ohio St,8,Hofstra,13,0.6796517372131348
Hofstra,13,Penn,14,0.6320672869682312
Hofstra,13,Prairie View,16,0.8342561006546021
Purdue,2,Hofstra,13,0.8138575196266175
Hofstra,13,Queens NC,15,0.8293217539787292
Santa Clara,10,Hofstra,13,0.6260833203792572
Hofstra,13,Siena,16,0.671376210451126
SMU,11,Hofstra,13,0.6910301804542541
South Florida,11,Hofstra,13,0.7848077416419983
St John's,5,Hofstra,13,0.8102534651756287
St Louis,9,Hofstra,13,0.7034612536430359
St Mary's CA,7,Hofstra,13,0.7296517372131348
TCU,9,Hofstra,13,0.7034612536430359
Tennessee,6,Hofstra,13,0.8291744470596314
Hofstra,13,Tennessee St,15,0.8144818067550659
Texas,11,Hofstra,13,0.6141889214515686
Texas A&M,10,Hofstra,13,0.8144818067550659
Texas Tech,5,Hofstra,13,0.7570165991783142
Hofstra,13,Troy,13,0.5171204268932342
UCF,10,Hofstra,13,0.6752261698246003
UCLA,7,Hofstra,13,0.6451120495796203
Hofstra,13,UMBC,16,0.799132251739502
Utah St,9,Hofstra,13,0.7705608248710633
Vanderbilt,5,Hofstra,13,0.742898952960968
VCU,11,Hofstra,13,0.7409524202346802
Villanova,8,Hofstra,13,0.7666246652603149
Virginia,3,Hofstra,13,0.8095867991447449
Wisconsin,5,Hofstra,13,0.6952274918556214
Hofstra,13,Wright St,14,0.7110211372375488
Houston,2,Howard,16,0.9218205094337464
Houston,2,Idaho,15,0.8774529933929444
Houston,2,Illinois,3,0.5659403085708619
Houston,2,Iowa,9,0.7105770468711853
Houston,2,Iowa St,2,0.5853546559810638
Houston,2,Kansas,4,0.7749363541603088
Houston,2,Kennesaw,14,0.9649999976158142
Houston,2,Kentucky,7,0.6905860900878906
Houston,2,Lehigh,16,0.9694444417953492
Houston,2,LIU Brooklyn,16,0.9916666626930237
Houston,2,Louisville,6,0.6282148957252502
Houston,2,McNeese St,12,0.7642625093460083
Houston,2,Miami FL,7,0.7705608248710633
Houston,2,Miami OH,11,0.9323333382606507
Michigan,1,Houston,2,0.6202779650688172
Houston,2,Michigan St,3,0.7263742685317993
Houston,2,Missouri,10,0.831679391860962
Houston,2,N Dakota St,14,0.8613499283790589
Houston,2,NC State,11,0.7840956091880799
Houston,2,Nebraska,4,0.709253466129303
Houston,2,North Carolina,6,0.7744451642036438
Houston,2,Northern Iowa,12,0.8292070746421814
Houston,2,Ohio St,8,0.8256356477737427
Houston,2,Penn,14,0.8565880179405212
Houston,2,Prairie View,16,0.9694444417953492
Houston,2,Purdue,2,0.537106043100357
Houston,2,Queens NC,15,0.8891960859298706
Houston,2,Santa Clara,10,0.8006356477737426
Houston,2,Siena,16,0.9103071928024292
Houston,2,SMU,11,0.8006356477737426
Houston,2,South Florida,11,0.7405860900878907
Houston,2,St John's,5,0.7253023147583008
Houston,2,St Louis,9,0.8249363541603089
Houston,2,St Mary's CA,7,0.6503068566322326
Houston,2,TCU,9,0.8292070746421814
Houston,2,Tennessee,6,0.6683443784713745
Houston,2,Tennessee St,15,0.9687671780586242
Houston,2,Texas,11,0.8256356477737427
Houston,2,Texas A&M,10,0.7999363541603088
Houston,2,Texas Tech,5,0.5512236893177033
Houston,2,Troy,13,0.8891960859298706
Houston,2,UCF,10,0.8530165910720825
Houston,2,UCLA,7,0.7994451642036438
Houston,2,UMBC,16,0.9694444417953492
Houston,2,Utah St,9,0.7847198963165283
Houston,2,Vanderbilt,5,0.6052545189857483
Houston,2,VCU,11,0.7882913231849671
Houston,2,Villanova,8,0.7351639866828918
Houston,2,Virginia,3,0.6690436720848083
Houston,2,Wisconsin,5,0.758396315574646
Houston,2,Wright St,14,0.9694444417953492
Idaho,15,Howard,16,0.7609897375106811
Illinois,3,Howard,16,0.9209523916244506
Iowa,9,Howard,16,0.79874587059021
Iowa St,2,Howard,16,0.8616113424301147
Kansas,4,Howard,16,0.7882913231849671
Kennesaw,14,Howard,16,0.5504242599010467
Kentucky,7,Howard,16,0.873677921295166
Howard,16,Lehigh,16,0.8570532321929931
LIU Brooklyn,16,Howard,16,0.3837461292743683
Louisville,6,Howard,16,0.8760461449623108
McNeese St,12,Howard,16,0.5567339539527894
Miami FL,7,Howard,16,0.8144818067550659
Miami OH,11,Howard,16,0.5223152339458466
Michigan,1,Howard,16,0.9649999976158142
Michigan St,3,Howard,16,0.8620165944099426
Missouri,10,Howard,16,0.6007185876369476
N Dakota St,14,Howard,16,0.6786871373653411
NC State,11,Howard,16,0.7644818067550659
Nebraska,4,Howard,16,0.739148473739624
North Carolina,6,Howard,16,0.815217399597168
Northern Iowa,12,Howard,16,0.6758856773376465
Ohio St,8,Howard,16,0.7491322517395019
Penn,14,Howard,16,0.5171204268932342
Howard,16,Prairie View,16,0.799132251739502
Purdue,2,Howard,16,0.9649999976158142
Queens NC,15,Howard,16,0.28175904750823977
Santa Clara,10,Howard,16,0.6245403528213501
Siena,16,Howard,16,0.5171204268932342
SMU,11,Howard,16,0.7276174783706665
South Florida,11,Howard,16,0.7698834419250489
St John's,5,Howard,16,0.877073609828949
St Louis,9,Howard,16,0.6735391855239868
St Mary's CA,7,Howard,16,0.8151484727859497
TCU,9,Howard,16,0.6020582437515258
Tennessee,6,Howard,16,0.8151484727859497
Tennessee St,15,Howard,16,0.39235042333602904
Texas,11,Howard,16,0.6784746289253235
Texas A&M,10,Howard,16,0.8023172974586487
Texas Tech,5,Howard,16,0.8346356511116028
Troy,13,Howard,16,0.592972856760025
UCF,10,Howard,16,0.6262144684791565
UCLA,7,Howard,16,0.7491322517395019
Howard,16,UMBC,16,0.594464510679245
Utah St,9,Howard,16,0.7205608248710632
Vanderbilt,5,Howard,16,0.9323333382606507
VCU,11,Howard,16,0.7237989187240601
Villanova,8,Howard,16,0.8285077810287476
Virginia,3,Howard,16,0.8332696914672851
Wisconsin,5,Howard,16,0.7876670360565186
Wright St,14,Howard,16,0.451384574174881
Illinois,3,Idaho,15,0.9490000009536743
Iowa,9,Idaho,15,0.7597198963165284
Iowa St,2,Idaho,15,0.884434175491333
Kansas,4,Idaho,15,0.79874587059021
Kennesaw,14,Idaho,15,0.32917748391628265
Kentucky,7,Idaho,15,0.9003919363021851
Idaho,15,Lehigh,16,0.8723116993904114
Idaho,15,LIU Brooklyn,16,0.739148473739624
Louisville,6,Idaho,15,0.9151979446411133
McNeese St,12,Idaho,15,0.6057543337345124
Miami FL,7,Idaho,15,0.8607453346252442
Miami OH,11,Idaho,15,0.5579403042793274
Michigan,1,Idaho,15,0.9534444451332093
Michigan St,3,Idaho,15,0.8620165944099426
Missouri,10,Idaho,15,0.6010833203792572
N Dakota St,14,Idaho,15,0.5105016171932221
NC State,11,Idaho,15,0.6669031977653503
Nebraska,4,Idaho,15,0.724603021144867
North Carolina,6,Idaho,15,0.8630476355552673
Northern Iowa,12,Idaho,15,0.6089941143989563
Ohio St,8,Idaho,15,0.739148473739624
Penn,14,Idaho,15,0.3634821444749832
Idaho,15,Prairie View,16,0.842269504070282
Purdue,2,Idaho,15,0.8777729034423828
Idaho,15,Queens NC,15,0.7038079619407653
Santa Clara,10,Idaho,15,0.6394419193267822
Idaho,15,Siena,16,0.6090022385120392
SMU,11,Idaho,15,0.669268274307251
South Florida,11,Idaho,15,0.7351807832717896
St John's,5,Idaho,15,0.8527424097061157
St Louis,9,Idaho,15,0.6543184041976928
St Mary's CA,7,Idaho,15,0.8218011260032654
TCU,9,Idaho,15,0.6822319865226746
Tennessee,6,Idaho,15,0.9051538467407226
Tennessee St,15,Idaho,15,0.2456671863794327
Texas,11,Idaho,15,0.597340214252472
Texas A&M,10,Idaho,15,0.8680736064910889
Texas Tech,5,Idaho,15,0.8298737406730652
Troy,13,Idaho,15,0.497492516040802
UCF,10,Idaho,15,0.6296547472476959
UCLA,7,Idaho,15,0.739148473739624
Idaho,15,UMBC,16,0.6514166533946991
Utah St,9,Idaho,15,0.8314285755157471
Vanderbilt,5,Idaho,15,0.9209047555923462
VCU,11,Idaho,15,0.6796517372131348
Villanova,8,Idaho,15,0.8144818067550659
Virginia,3,Idaho,15,0.8324525833129883
Wisconsin,5,Idaho,15,0.8303953051567078
Wright St,14,Idaho,15,0.3968154788017273
Illinois,3,Iowa,9,0.7205608248710632
Iowa St,2,Illinois,3,0.48181758522987367
Illinois,3,Kansas,4,0.7847198963165283
Illinois,3,Kennesaw,14,0.9916666626930237
Illinois,3,Kentucky,7,0.6417927384376526
Illinois,3,Lehigh,16,0.9916666626930237
Illinois,3,LIU Brooklyn,16,0.9916666626930237
Illinois,3,Louisville,6,0.62529057264328
Illinois,3,McNeese St,12,0.8292070746421814
Illinois,3,Miami FL,7,0.5765623629093171
Illinois,3,Miami OH,11,0.9323333382606507
Michigan,1,Illinois,3,0.5950657010078431
Michigan St,3,Illinois,3,0.537106043100357
Illinois,3,Missouri,10,0.7597265601158142
Illinois,3,N Dakota St,14,0.9051538467407226
Illinois,3,NC State,11,0.6053912878036499
Illinois,3,Nebraska,4,0.5567339539527894
Illinois,3,North Carolina,6,0.7590956091880798
Illinois,3,Northern Iowa,12,0.8728066682815552
Illinois,3,Ohio St,8,0.6543184041976928
Illinois,3,Penn,14,0.8618151426315308
Illinois,3,Prairie View,16,0.9916666626930237
Purdue,2,Illinois,3,0.497492516040802
Illinois,3,Queens NC,15,0.9649999976158142
Illinois,3,Santa Clara,10,0.8109103798866272
Illinois,3,Siena,16,0.9694444417953492
Illinois,3,SMU,11,0.7436777114868164
Illinois,3,South Florida,11,0.8256356477737427
Illinois,3,St John's,5,0.6226430416107178
Illinois,3,St Louis,9,0.7845867991447448
Illinois,3,St Mary's CA,7,0.6394082188606263
Illinois,3,TCU,9,0.6543184041976928
Illinois,3,Tennessee,6,0.6595132112503052
Illinois,3,Tennessee St,15,0.9916666626930237
Illinois,3,Texas,11,0.7737458705902099
Illinois,3,Texas A&M,10,0.7436777114868164
Illinois,3,Texas Tech,5,0.6089941143989563
Illinois,3,Troy,13,0.9694444417953492
Illinois,3,UCF,10,0.8403433442115784
Illinois,3,UCLA,7,0.6796517372131348
Illinois,3,UMBC,16,0.9916666626930237
Illinois,3,Utah St,9,0.6543184041976928
Illinois,3,Vanderbilt,5,0.6543184041976928
Illinois,3,VCU,11,0.8102860927581788
Illinois,3,Villanova,8,0.6343274474143982
Illinois,3,Virginia,3,0.5487339496612549
Illinois,3,Wisconsin,5,0.6131012439727783
Illinois,3,Wright St,14,0.9895228743553162
Iowa St,2,Iowa,9,0.6952274918556214
Kansas,4,Iowa,9,0.45126017928123474
Iowa,9,Kennesaw,14,0.877579927444458
Kentucky,7,Iowa,9,0.4326311469078064
Iowa,9,Lehigh,16,0.9323333382606507
Iowa,9,LIU Brooklyn,16,0.9490000009536743
Louisville,6,Iowa,9,0.5116101622581481
Iowa,9,McNeese St,12,0.5971471607685089
Miami FL,7,Iowa,9,0.4072669357061386
Iowa,9,Miami OH,11,0.79874587059021
Michigan,1,Iowa,9,0.7714328289031982
Michigan St,3,Iowa,9,0.472423380613327
Iowa,9,Missouri,10,0.6902527570724487
Iowa,9,N Dakota St,14,0.8314285755157471
Iowa,9,NC State,11,0.5087994456291198
Nebraska,4,Iowa,9,0.553997004032135
North Carolina,6,Iowa,9,0.3863988101482391
Iowa,9,Northern Iowa,12,0.6343956112861633
Ohio St,8,Iowa,9,0.3503971517086029
Iowa,9,Penn,14,0.7105770468711853
Iowa,9,Prairie View,16,0.9323333382606507
Purdue,2,Iowa,9,0.7205608248710632
Iowa,9,Queens NC,15,0.857254683971405
Iowa,9,Santa Clara,10,0.6089941143989563
Iowa,9,Siena,16,0.8997252702713012
Iowa,9,SMU,11,0.6288974761962891
Iowa,9,South Florida,11,0.4466204226016998
St John's,5,Iowa,9,0.5659403085708619
St Louis,9,Iowa,9,0.44465160369873047
St Mary's CA,7,Iowa,9,0.5038621604442597
TCU,9,Iowa,9,0.5226464688777923
Tennessee,6,Iowa,9,0.47087971568107606
Iowa,9,Tennessee St,15,0.9490000009536743
Iowa,9,Texas,11,0.6642801642417908
Iowa,9,Texas A&M,10,0.497492516040802
Texas Tech,5,Iowa,9,0.6543184041976928
Iowa,9,Troy,13,0.8292070746421814
Iowa,9,UCF,10,0.5997877597808838
UCLA,7,Iowa,9,0.45506827235221864
Iowa,9,UMBC,16,0.9423333287239075
Utah St,9,Iowa,9,0.44465160369873047
Vanderbilt,5,Iowa,9,0.5916366875171661
Iowa,9,VCU,11,0.5512236893177033
Villanova,8,Iowa,9,0.5116101622581481
Virginia,3,Iowa,9,0.497492516040802
Wisconsin,5,Iowa,9,0.501796418428421
Iowa,9,Wright St,14,0.8612406969070434
Iowa St,2,Kansas,4,0.6919619917869568
Iowa St,2,Kennesaw,14,0.9527777791023254
Iowa St,2,Kentucky,7,0.6406968474388123
Iowa St,2,Lehigh,16,0.9916666626930237
Iowa St,2,LIU Brooklyn,16,0.9694444417953492
Iowa St,2,Louisville,6,0.5463123977184295
Iowa St,2,McNeese St,12,0.8256356477737427
Iowa St,2,Miami FL,7,0.6054985225200653
Iowa St,2,Miami OH,11,0.9051538467407226
Michigan,1,Iowa St,2,0.719253134727478
Iowa St,2,Michigan St,3,0.6141889214515686
Iowa St,2,Missouri,10,0.7013270616531372
Iowa St,2,N Dakota St,14,0.9051538467407226
Iowa St,2,NC State,11,0.79874587059021
Iowa St,2,Nebraska,4,0.6020582437515258
Iowa St,2,North Carolina,6,0.7443703413009644
Iowa St,2,Northern Iowa,12,0.8131582260131835
Iowa St,2,Ohio St,8,0.688618266582489
Iowa St,2,Penn,14,0.857254683971405
Iowa St,2,Prairie View,16,0.9916666626930237
Iowa St,2,Purdue,2,0.4326311469078064
Iowa St,2,Queens NC,15,0.9483333349227905
Iowa St,2,Santa Clara,10,0.8285077810287476
Iowa St,2,Siena,16,0.9756666660308838
Iowa St,2,SMU,11,0.8292070746421814
Iowa St,2,South Florida,11,0.7443703413009644
Iowa St,2,St John's,5,0.5852527618408203
Iowa St,2,St Louis,9,0.6756401896476746
Iowa St,2,St Mary's CA,7,0.6499032020568848
Iowa St,2,TCU,9,0.8249363541603089
Iowa St,2,Tennessee,6,0.7290296792984009
Iowa St,2,Tennessee St,15,0.9916666626930237
Iowa St,2,Texas,11,0.7691575169563294
Iowa St,2,Texas A&M,10,0.7725692510604858
Iowa St,2,Texas Tech,5,0.4737694919109344
Iowa St,2,Troy,13,0.9326436996459961
Iowa St,2,UCF,10,0.8292070746421814
Iowa St,2,UCLA,7,0.8109103798866272
Iowa St,2,UMBC,16,0.9916666626930237
Iowa St,2,Utah St,9,0.6243436694145202
Iowa St,2,Vanderbilt,5,0.5309303820133209
Iowa St,2,VCU,11,0.6499032020568848
Iowa St,2,Villanova,8,0.6942548990249634
Iowa St,2,Virginia,3,0.7352860927581787
Iowa St,2,Wisconsin,5,0.6343274474143982
Iowa St,2,Wright St,14,0.9694444417953492
Kansas,4,Kennesaw,14,0.8030165910720826
Kansas,4,Kentucky,7,0.5799662828445434
Kansas,4,Lehigh,16,0.927571427822113
Kansas,4,LIU Brooklyn,16,0.9490000009536743
Kansas,4,Louisville,6,0.4482356905937195
Kansas,4,McNeese St,12,0.6860211372375489
Kansas,4,Miami FL,7,0.5797502636909485
Kansas,4,Miami OH,11,0.7847198963165283
Michigan,1,Kansas,4,0.8138575196266175
Michigan St,3,Kansas,4,0.497492516040802
Kansas,4,Missouri,10,0.6499032020568848
Kansas,4,N Dakota St,14,0.783396315574646
Kansas,4,NC State,11,0.5572955667972564
Nebraska,4,Kansas,4,0.5116101622581481
Kansas,4,North Carolina,6,0.5818385124206543
Kansas,4,Northern Iowa,12,0.5607580304145813
Kansas,4,Ohio St,8,0.6230200886726379
Kansas,4,Penn,14,0.6952274918556214
Kansas,4,Prairie View,16,0.9323333382606507
Purdue,2,Kansas,4,0.739148473739624
Kansas,4,Queens NC,15,0.8292070746421814
Kansas,4,Santa Clara,10,0.5654633283615113
Kansas,4,Siena,16,0.8995238184928894
Kansas,4,SMU,11,0.6990460515022278
Kansas,4,South Florida,11,0.5050999701023102
Kansas,4,St John's,5,0.42955475449562075
Kansas,4,St Louis,9,0.4626757264137268
Kansas,4,St Mary's CA,7,0.5659403085708619
Kansas,4,TCU,9,0.45155949592590333
Kansas,4,Tennessee,6,0.5659403085708619
Kansas,4,Tennessee St,15,0.9323333382606507
Kansas,4,Texas,11,0.5997877597808838
Kansas,4,Texas A&M,10,0.4854720592498779
Kansas,4,Texas Tech,5,0.25042523443698883
Kansas,4,Troy,13,0.8030165910720826
Kansas,4,UCF,10,0.7450012922286987
Kansas,4,UCLA,7,0.672162938117981
Kansas,4,UMBC,16,0.9323333382606507
Kansas,4,Utah St,9,0.5171204268932342
Kansas,4,Vanderbilt,5,0.24932219982147216
Kansas,4,VCU,11,0.5634016036987305
Kansas,4,Villanova,8,0.46427951455116273
Virginia,3,Kansas,4,0.49958970546722414
Kansas,4,Wisconsin,5,0.537106043100357
Kansas,4,Wright St,14,0.8723443269729614
Kentucky,7,Kennesaw,14,0.9490000009536743
Kennesaw,14,Lehigh,16,0.62570521235466
Kennesaw,14,LIU Brooklyn,16,0.7178047835826874
Louisville,6,Kennesaw,14,0.9534444451332093
McNeese St,12,Kennesaw,14,0.8410370111465454
Miami FL,7,Kennesaw,14,0.9323333382606507
Miami OH,11,Kennesaw,14,0.6459670424461365
Michigan,1,Kennesaw,14,0.9874797821044922
Michigan St,3,Kennesaw,14,0.9534444451332093
Missouri,10,Kennesaw,14,0.7785077810287475
N Dakota St,14,Kennesaw,14,0.6559922456741333
NC State,11,Kennesaw,14,0.861148476600647
Nebraska,4,Kennesaw,14,0.8733333349227905
North Carolina,6,Kennesaw,14,0.9058627486228943
Northern Iowa,12,Kennesaw,14,0.8292070746421814
Ohio St,8,Kennesaw,14,0.9495198488235473
Penn,14,Kennesaw,14,0.6656968474388123
Kennesaw,14,Prairie View,16,0.6033538043498993
Purdue,2,Kennesaw,14,0.9694444417953492
Kennesaw,14,Queens NC,15,0.6406968474388123
Santa Clara,10,Kennesaw,14,0.8055835366249084
Kennesaw,14,Siena,16,0.5504242599010467
SMU,11,Kennesaw,14,0.9211538434028625
South Florida,11,Kennesaw,14,0.9049187302589417
St John's,5,Kennesaw,14,0.8777675032615662
St Louis,9,Kennesaw,14,0.8959523916244507
St Mary's CA,7,Kennesaw,14,0.927571427822113
TCU,9,Kennesaw,14,0.7602860927581787
Tennessee,6,Kennesaw,14,0.8891960859298706
Kennesaw,14,Tennessee St,15,0.5168127357959748
Texas,11,Kennesaw,14,0.8113499283790588
Texas A&M,10,Kennesaw,14,0.9269047617912293
Texas Tech,5,Kennesaw,14,0.9367777824401855
Troy,13,Kennesaw,14,0.580057954788208
UCF,10,Kennesaw,14,0.7531744480133057
UCLA,7,Kennesaw,14,0.9316666722297668
Kennesaw,14,UMBC,16,0.5621370255947113
Utah St,9,Kennesaw,14,0.927571427822113
Vanderbilt,5,Kennesaw,14,0.9362261295318604
VCU,11,Kennesaw,14,0.9216190576553345
Villanova,8,Kennesaw,14,0.927571427822113
Virginia,3,Kennesaw,14,0.9694444417953492
Wisconsin,5,Kennesaw,14,0.9534444451332093
Wright St,14,Kennesaw,14,0.5101939260959625
Kentucky,7,Lehigh,16,0.9694444417953492
Kentucky,7,LIU Brooklyn,16,0.9694444417953492
Louisville,6,Kentucky,7,0.5901654362678528
Kentucky,7,McNeese St,12,0.6990460515022278
Kentucky,7,Miami FL,7,0.497492516040802
Kentucky,7,Miami OH,11,0.7792070746421814
Michigan,1,Kentucky,7,0.6541254162788391
Michigan St,3,Kentucky,7,0.5564262628555298
Kentucky,7,Missouri,10,0.8023172974586487
Kentucky,7,N Dakota St,14,0.8997252702713012
Kentucky,7,NC State,11,0.5708516001701355
Nebraska,4,Kentucky,7,0.6499032020568848
North Carolina,6,Kentucky,7,0.42741807699203493
Kentucky,7,Northern Iowa,12,0.6660301804542541
Kentucky,7,Ohio St,8,0.45506827235221864
Kentucky,7,Penn,14,0.8285077810287476
Kentucky,7,Prairie View,16,0.9490000009536743
Purdue,2,Kentucky,7,0.497492516040802
Kentucky,7,Queens NC,15,0.9323333382606507
Kentucky,7,Santa Clara,10,0.6775070190429687
Kentucky,7,Siena,16,0.9490000009536743
Kentucky,7,SMU,11,0.6656022548675538
Kentucky,7,South Florida,11,0.47389538288116456
St John's,5,Kentucky,7,0.5659403085708619
Kentucky,7,St Louis,9,0.5101939260959625
Kentucky,7,St Mary's CA,7,0.5168127357959748
Kentucky,7,TCU,9,0.5976430416107178
Tennessee,6,Kentucky,7,0.5168127357959748
Kentucky,7,Tennessee St,15,0.9534444451332093
Kentucky,7,Texas,11,0.6548718094825745
Kentucky,7,Texas A&M,10,0.4946817994117737
Texas Tech,5,Kentucky,7,0.6619533061981201
Kentucky,7,Troy,13,0.9323333382606507
Kentucky,7,UCF,10,0.7213286995887757
Kentucky,7,UCLA,7,0.4417757332324982
Kentucky,7,UMBC,16,0.9534444451332093
Kentucky,7,Utah St,9,0.497492516040802
Vanderbilt,5,Kentucky,7,0.6604074478149414
Kentucky,7,VCU,11,0.5708516001701355
Kentucky,7,Villanova,8,0.5171204268932342
Virginia,3,Kentucky,7,0.497492516040802
Wisconsin,5,Kentucky,7,0.497492516040802
Kentucky,7,Wright St,14,0.9323333382606507
LIU Brooklyn,16,Lehigh,16,0.5144435942173005
Louisville,6,Lehigh,16,0.9916666626930237
McNeese St,12,Lehigh,16,0.9001904845237731
Miami FL,7,Lehigh,16,0.9649999976158142
Miami OH,11,Lehigh,16,0.8723443269729614
Michigan,1,Lehigh,16,1.0
Michigan St,3,Lehigh,16,0.9916666626930237
Missouri,10,Lehigh,16,0.9044970393180847
N Dakota St,14,Lehigh,16,0.8138575196266175
NC State,11,Lehigh,16,0.9367777824401855
Nebraska,4,Lehigh,16,0.8998318791389466
North Carolina,6,Lehigh,16,0.9649999976158142
Northern Iowa,12,Lehigh,16,0.8284233450889588
Ohio St,8,Lehigh,16,0.9490000009536743
Penn,14,Lehigh,16,0.8569947719573975
Lehigh,16,Prairie View,16,0.5168127357959748
Purdue,2,Lehigh,16,0.9916666626930237
Queens NC,15,Lehigh,16,0.6115875661373138
Santa Clara,10,Lehigh,16,0.904285728931427
Siena,16,Lehigh,16,0.6745250940322876
SMU,11,Lehigh,16,0.9483590126037598
South Florida,11,Lehigh,16,0.927571427822113
St John's,5,Lehigh,16,0.9694444417953492
St Louis,9,Lehigh,16,0.927571427822113
St Mary's CA,7,Lehigh,16,0.9483333349227905
TCU,9,Lehigh,16,0.9049523949623108
Tennessee,6,Lehigh,16,0.9694444417953492
Tennessee St,15,Lehigh,16,0.5662632763385773
Texas,11,Lehigh,16,0.9490000009536743
Texas A&M,10,Lehigh,16,0.9527777791023254
Texas Tech,5,Lehigh,16,0.9694444417953492
Troy,13,Lehigh,16,0.8125075936317444
UCF,10,Lehigh,16,0.9483333349227905
UCLA,7,Lehigh,16,0.9490000009536743
UMBC,16,Lehigh,16,0.5567339539527894
Utah St,9,Lehigh,16,0.9490000009536743
Vanderbilt,5,Lehigh,16,0.9916666626930237
VCU,11,Lehigh,16,0.9361111164093018
Villanova,8,Lehigh,16,0.9483333349227905
Virginia,3,Lehigh,16,0.9916666626930237
Wisconsin,5,Lehigh,16,0.9756666660308838
Wright St,14,Lehigh,16,0.5162453651428223
Louisville,6,LIU Brooklyn,16,0.9916666626930237
McNeese St,12,LIU Brooklyn,16,0.8995238184928894
Miami FL,7,LIU Brooklyn,16,0.9649999976158142
Miami OH,11,LIU Brooklyn,16,0.7202274918556213
Michigan,1,LIU Brooklyn,16,1.0
Michigan St,3,LIU Brooklyn,16,0.9916666626930237
Missouri,10,LIU Brooklyn,16,0.9044871807098389
N Dakota St,14,LIU Brooklyn,16,0.7410301804542542
NC State,11,LIU Brooklyn,16,0.9323333382606507
Nebraska,4,LIU Brooklyn,16,0.904285728931427
North Carolina,6,LIU Brooklyn,16,0.9649999976158142
Northern Iowa,12,LIU Brooklyn,16,0.8959523916244507
Ohio St,8,LIU Brooklyn,16,0.9490000009536743
Penn,14,LIU Brooklyn,16,0.7450012922286987
LIU Brooklyn,16,Prairie View,16,0.43680060505867
Purdue,2,LIU Brooklyn,16,0.9916666626930237
Queens NC,15,LIU Brooklyn,16,0.4854720592498779
Santa Clara,10,LIU Brooklyn,16,0.8771062374114991
Siena,16,LIU Brooklyn,16,0.6489306092262268
SMU,11,LIU Brooklyn,16,0.8937729001045227
South Florida,11,LIU Brooklyn,16,0.9323333382606507
St John's,5,LIU Brooklyn,16,0.9694444417953492
St Louis,9,LIU Brooklyn,16,0.9316666722297668
St Mary's CA,7,LIU Brooklyn,16,0.9483333349227905
TCU,9,LIU Brooklyn,16,0.9049523949623108
Tennessee,6,LIU Brooklyn,16,0.9694444417953492
Tennessee St,15,LIU Brooklyn,16,0.6727169454097748
Texas,11,LIU Brooklyn,16,0.8611234188079834
Texas A&M,10,LIU Brooklyn,16,0.9534444451332093
Texas Tech,5,LIU Brooklyn,16,0.9916666626930237
Troy,13,LIU Brooklyn,16,0.7729417681694031
UCF,10,LIU Brooklyn,16,0.833968985080719
UCLA,7,LIU Brooklyn,16,0.9534444451332093
LIU Brooklyn,16,UMBC,16,0.33555971682071684
Utah St,9,LIU Brooklyn,16,0.9490000009536743
Vanderbilt,5,LIU Brooklyn,16,0.9916666626930237
VCU,11,LIU Brooklyn,16,0.9316666722297668
Villanova,8,LIU Brooklyn,16,0.9490000009536743
Virginia,3,LIU Brooklyn,16,0.9694444417953492
Wisconsin,5,LIU Brooklyn,16,0.9534444451332093
Wright St,14,LIU Brooklyn,16,0.592972856760025
Louisville,6,McNeese St,12,0.5937403202056885
Louisville,6,Miami FL,7,0.5312380731105805
Louisville,6,Miami OH,11,0.9269047617912293
Michigan,1,Louisville,6,0.6581369638442993
Michigan St,3,Louisville,6,0.5567339539527894
Louisville,6,Missouri,10,0.6089941143989563
Louisville,6,N Dakota St,14,0.9490000009536743
Louisville,6,NC State,11,0.5116101622581481
Nebraska,4,Louisville,6,0.5940839290618897
North Carolina,6,Louisville,6,0.3523113250732422
Louisville,6,Northern Iowa,12,0.6752261698246003
Louisville,6,Ohio St,8,0.5601742327213287
Louisville,6,Penn,14,0.8461538434028626
Louisville,6,Prairie View,16,0.9565623283386231
Purdue,2,Louisville,6,0.5947832226753235
Louisville,6,Queens NC,15,0.9323333382606507
Louisville,6,Santa Clara,10,0.7705608248710633
Louisville,6,Siena,16,0.9534444451332093
Louisville,6,SMU,11,0.6915092229843139
Louisville,6,South Florida,11,0.6089941143989563
St John's,5,Louisville,6,0.5659403085708619
Louisville,6,St Louis,9,0.5567339539527894
Louisville,6,St Mary's CA,7,0.5721471607685089
Louisville,6,TCU,9,0.6010833203792572
Tennessee,6,Louisville,6,0.46427951455116273
Louisville,6,Tennessee St,15,0.9534444451332093
Louisville,6,Texas,11,0.6692998766899109
Louisville,6,Texas A&M,10,0.5512236893177033
Texas Tech,5,Louisville,6,0.5659403085708619
Louisville,6,Troy,13,0.9534444451332093
Louisville,6,UCF,10,0.7352205514907837
Louisville,6,UCLA,7,0.5171204268932342
Louisville,6,UMBC,16,0.9756666660308838
Louisville,6,Utah St,9,0.5512236893177033
Vanderbilt,5,Louisville,6,0.5567339539527894
Louisville,6,VCU,11,0.6543184041976928
Louisville,6,Villanova,8,0.5312380731105805
Virginia,3,Louisville,6,0.5003793776035309
Wisconsin,5,Louisville,6,0.3430164515972137
Louisville,6,Wright St,14,0.9756666660308838
Miami FL,7,McNeese St,12,0.6093170821666718
Miami OH,11,McNeese St,12,0.4119240611791611
Michigan,1,McNeese St,12,0.8417036771774292
Michigan St,3,McNeese St,12,0.7955608248710633
Missouri,10,McNeese St,12,0.497492516040802
McNeese St,12,N Dakota St,14,0.7034612536430359
NC State,11,McNeese St,12,0.6367606878280639
Nebraska,4,McNeese St,12,0.5849046170711517
North Carolina,6,McNeese St,12,0.6264166533946991
McNeese St,12,Northern Iowa,12,0.5141823351383209
Ohio St,8,McNeese St,12,0.6499032020568848
McNeese St,12,Penn,14,0.5312380731105805
McNeese St,12,Prairie View,16,0.8528151392936707
Purdue,2,McNeese St,12,0.8410370111465454
McNeese St,12,Queens NC,15,0.8618151426315308
Santa Clara,10,McNeese St,12,0.5143188893795013
McNeese St,12,Siena,16,0.8461538434028626
SMU,11,McNeese St,12,0.5405463218688965
South Florida,11,McNeese St,12,0.5601742327213287
St John's,5,McNeese St,12,0.7296517372131348
St Louis,9,McNeese St,12,0.497492516040802
St Mary's CA,7,McNeese St,12,0.5997877597808838
TCU,9,McNeese St,12,0.5087994456291198
Tennessee,6,McNeese St,12,0.7443703413009644
McNeese St,12,Tennessee St,15,0.8976190567016602
Texas,11,McNeese St,12,0.5171204268932342
Texas A&M,10,McNeese St,12,0.5171204268932342
Texas Tech,5,McNeese St,12,0.666291332244873
McNeese St,12,Troy,13,0.7840956091880799
UCF,10,McNeese St,12,0.497492516040802
UCLA,7,McNeese St,12,0.6114529967308044
McNeese St,12,UMBC,16,0.8866835832595825
Utah St,9,McNeese St,12,0.6260519206523896
Vanderbilt,5,McNeese St,12,0.7705608248710633
VCU,11,McNeese St,12,0.5580295145511627
Villanova,8,McNeese St,12,0.6499032020568848
Virginia,3,McNeese St,12,0.734846544265747
Wisconsin,5,McNeese St,12,0.6367606878280639
McNeese St,12,Wright St,14,0.8730109930038452
Miami FL,7,Miami OH,11,0.846668028831482
Michigan,1,Miami FL,7,0.771227490901947
Michigan St,3,Miami FL,7,0.5917877554893494
Miami FL,7,Missouri,10,0.7359103798866272
Miami FL,7,N Dakota St,14,0.9044545531272888
Miami FL,7,NC State,11,0.5801598489284515
Nebraska,4,Miami FL,7,0.6499032020568848
North Carolina,6,Miami FL,7,0.5039987862110138
Miami FL,7,Northern Iowa,12,0.6093170821666718
Miami FL,7,Ohio St,8,0.4946817994117737
Miami FL,7,Penn,14,0.7450012922286987
Miami FL,7,Prairie View,16,0.9490000009536743
Purdue,2,Miami FL,7,0.5624447166919708
Miami FL,7,Queens NC,15,0.9051538467407226
Miami FL,7,Santa Clara,10,0.6093170821666718
Miami FL,7,Siena,16,0.954912519454956
Miami FL,7,SMU,11,0.620659351348877
Miami FL,7,South Florida,11,0.497492516040802
St John's,5,Miami FL,7,0.580057954788208
Miami FL,7,St Louis,9,0.497492516040802
St Mary's CA,7,Miami FL,7,0.497492516040802
Miami FL,7,TCU,9,0.5760464072227478
Tennessee,6,Miami FL,7,0.5171204268932342
Miami FL,7,Tennessee St,15,0.9490000009536743
Miami FL,7,Texas,11,0.6243436694145202
Miami FL,7,Texas A&M,10,0.475787091255188
Texas Tech,5,Miami FL,7,0.6117606878280639
Miami FL,7,Troy,13,0.9003919363021851
Miami FL,7,UCF,10,0.666291332244873
Miami FL,7,UCLA,7,0.45155949592590333
Miami FL,7,UMBC,16,0.9649999976158142
Miami FL,7,Utah St,9,0.5050999701023102
Vanderbilt,5,Miami FL,7,0.7275070190429688
Miami FL,7,VCU,11,0.4637666344642639
Miami FL,7,Villanova,8,0.47087971568107606
Virginia,3,Miami FL,7,0.45506827235221864
Wisconsin,5,Miami FL,7,0.5050999701023102
Miami FL,7,Wright St,14,0.9490000009536743
Michigan,1,Miami OH,11,0.9323333382606507
Michigan St,3,Miami OH,11,0.904285728931427
Missouri,10,Miami OH,11,0.580718594789505
Miami OH,11,N Dakota St,14,0.48835251331329343
NC State,11,Miami OH,11,0.7595867991447449
Nebraska,4,Miami OH,11,0.7363544702529907
North Carolina,6,Miami OH,11,0.8023172974586487
Miami OH,11,Northern Iowa,12,0.4562795102596283
Ohio St,8,Miami OH,11,0.8070792078971862
Miami OH,11,Penn,14,0.5656326174736023
Miami OH,11,Prairie View,16,0.7443703413009644
Purdue,2,Miami OH,11,0.9323333382606507
Miami OH,11,Queens NC,15,0.8292070746421814
Santa Clara,10,Miami OH,11,0.6898941159248352
Miami OH,11,Siena,16,0.5026873230934144
SMU,11,Miami OH,11,0.6406968474388123
Miami OH,11,South Florida,11,0.24648109674453736
St John's,5,Miami OH,11,0.9003919363021851
St Louis,9,Miami OH,11,0.799522316455841
St Mary's CA,7,Miami OH,11,0.7496802330017089
TCU,9,Miami OH,11,0.6748718023300171
Tennessee,6,Miami OH,11,0.8298737406730652
Miami OH,11,Tennessee St,15,0.7113544702529907
Texas,11,Miami OH,11,0.5853709280490875
Texas A&M,10,Miami OH,11,0.8052754521369934
Texas Tech,5,Miami OH,11,0.9023835778236389
Miami OH,11,Troy,13,0.417893248796463
UCF,10,Miami OH,11,0.5890628635883332
UCLA,7,Miami OH,11,0.7538737416267395
Miami OH,11,UMBC,16,0.6952274918556214
Utah St,9,Miami OH,11,0.8144818067550659
Vanderbilt,5,Miami OH,11,0.8906586527824402
Miami OH,11,VCU,11,0.2562465876340866
Villanova,8,Miami OH,11,0.8576190590858459
Virginia,3,Miami OH,11,0.8771062374114991
Wisconsin,5,Miami OH,11,0.8216450333595275
Miami OH,11,Wright St,14,0.7312278270721435
Michigan,1,Michigan St,3,0.8249971985816955
Michigan,1,Missouri,10,0.8124655842781067
Michigan,1,N Dakota St,14,0.9483333349227905
Michigan,1,NC State,11,0.8292070746421814
Michigan,1,Nebraska,4,0.8109527587890625
Michigan,1,North Carolina,6,0.7303184032440185
Michigan,1,Northern Iowa,12,0.8570532321929931
Michigan,1,Ohio St,8,0.8109527587890625
Michigan,1,Penn,14,0.9694444417953492
Michigan,1,Prairie View,16,0.9916666626930237
Michigan,1,Purdue,2,0.4783971607685089
Michigan,1,Queens NC,15,0.9916666626930237
Michigan,1,Santa Clara,10,0.8570532321929931
Michigan,1,Siena,16,0.9868232846260071
Michigan,1,SMU,11,0.8730109930038452
Michigan,1,South Florida,11,0.8102534651756287
Michigan,1,St John's,5,0.8138575196266175
Michigan,1,St Louis,9,0.8102860927581788
Michigan,1,St Mary's CA,7,0.6230200886726379
Michigan,1,TCU,9,0.7852860927581787
Michigan,1,Tennessee,6,0.7747143745422364
Michigan,1,Tennessee St,15,0.9919711589813233
Michigan,1,Texas,11,0.8326921939849854
Michigan,1,Texas A&M,10,0.8006356477737426
Michigan,1,Texas Tech,5,0.7443443775177002
Michigan,1,Troy,13,0.9916666626930237
Michigan,1,UCF,10,0.8951788544654846
Michigan,1,UCLA,7,0.7960158467292786
Michigan,1,UMBC,16,1.0
Michigan,1,Utah St,9,0.8060072183609008
Michigan,1,Vanderbilt,5,0.7859103798866272
Michigan,1,VCU,11,0.8102860927581788
Michigan,1,Villanova,8,0.7303184032440185
Michigan,1,Virginia,3,0.7181865215301514
Michigan,1,Wisconsin,5,0.8013023138046265
Michigan,1,Wright St,14,1.0
Michigan St,3,Missouri,10,0.580057954788208
Michigan St,3,N Dakota St,14,0.9051538467407226
Michigan St,3,NC State,11,0.6633317708969116
Michigan St,3,Nebraska,4,0.4326311469078064
Michigan St,3,North Carolina,6,0.6639291763305664
Michigan St,3,Northern Iowa,12,0.7538079619407654
Michigan St,3,Ohio St,8,0.6990460515022278
Michigan St,3,Penn,14,0.8298737406730652
Michigan St,3,Prairie View,16,0.9694444417953492
Purdue,2,Michigan St,3,0.587221485376358
Michigan St,3,Queens NC,15,0.9694444417953492
Michigan St,3,Santa Clara,10,0.7007155776023865
Michigan St,3,Siena,16,0.9916666626930237
Michigan St,3,SMU,11,0.8180122375488281
Michigan St,3,South Florida,11,0.6451120495796203
Michigan St,3,St John's,5,0.497492516040802
Michigan St,3,St Louis,9,0.5803809225559234
Michigan St,3,St Mary's CA,7,0.5659403085708619
Michigan St,3,TCU,9,0.6678707242012024
Michigan St,3,Tennessee,6,0.6141889214515686
Michigan St,3,Tennessee St,15,0.9916666626930237
Michigan St,3,Texas,11,0.7355770468711853
Michigan St,3,Texas A&M,10,0.595720237493515
Michigan St,3,Texas Tech,5,0.470888090133667
Michigan St,3,Troy,13,0.95720933675766
Michigan St,3,UCF,10,0.8680736064910889
Michigan St,3,UCLA,7,0.6838709592819214
Michigan St,3,UMBC,16,0.9697659134864807
Michigan St,3,Utah St,9,0.5171204268932342
Michigan St,3,Vanderbilt,5,0.3521319150924683
Michigan St,3,VCU,11,0.6209670424461364
Michigan St,3,Villanova,8,0.5171204268932342
Michigan St,3,Virginia,3,0.5912736415863037
Michigan St,3,Wisconsin,5,0.6801898837089538
Michigan St,3,Wright St,14,0.9687260150909424
Missouri,10,N Dakota St,14,0.5601742327213287
Missouri,10,NC State,11,0.25732292979955673
Nebraska,4,Missouri,10,0.6086864233016968
North Carolina,6,Missouri,10,0.6905860900878906
Missouri,10,Northern Iowa,12,0.5662632763385773
Ohio St,8,Missouri,10,0.6550718903541565
Missouri,10,Penn,14,0.6260833203792572
Missouri,10,Prairie View,16,0.9211538434028625
Purdue,2,Missouri,10,0.6997193813323974
Missouri,10,Queens NC,15,0.832160484790802
Santa Clara,10,Missouri,10,0.6784746289253235
Missouri,10,Siena,16,0.7692437171936035
Missouri,10,SMU,11,0.3081950232386589
Missouri,10,South Florida,11,0.40207843780517577
St John's,5,Missouri,10,0.6952274918556214
St Louis,9,Missouri,10,0.7202274918556213
St Mary's CA,7,Missouri,10,0.6117606878280639
TCU,9,Missouri,10,0.7096628665924072
Tennessee,6,Missouri,10,0.6499032020568848
Missouri,10,Tennessee St,15,0.943766975402832
Missouri,10,Texas,11,0.4430478155612946
Missouri,10,Texas A&M,10,0.3984192669391632
Texas Tech,5,Missouri,10,0.7296517372131348
Missouri,10,Troy,13,0.8714451551437378
UCF,10,Missouri,10,0.5711351156234741
UCLA,7,Missouri,10,0.589366203546524
Missouri,10,UMBC,16,0.903787887096405
Utah St,9,Missouri,10,0.7755135416984558
Vanderbilt,5,Missouri,10,0.7007155776023865
Missouri,10,VCU,11,0.4585599422454834
Villanova,8,Missouri,10,0.7105770468711853
Virginia,3,Missouri,10,0.5567339539527894
Wisconsin,5,Missouri,10,0.5564262628555298
Missouri,10,Wright St,14,0.837716567516327
NC State,11,N Dakota St,14,0.7644818067550659
Nebraska,4,N Dakota St,14,0.666291332244873
North Carolina,6,N Dakota St,14,0.8576190590858459
Northern Iowa,12,N Dakota St,14,0.5192176163196563
Ohio St,8,N Dakota St,14,0.7644818067550659
N Dakota St,14,Penn,14,0.5912736415863037
N Dakota St,14,Prairie View,16,0.8138575196266175
Purdue,2,N Dakota St,14,0.8777729034423828
N Dakota St,14,Queens NC,15,0.7464053630828857
Santa Clara,10,N Dakota St,14,0.6749032020568848
N Dakota St,14,Siena,16,0.5830295145511627
SMU,11,N Dakota St,14,0.7882913231849671
South Florida,11,N Dakota St,14,0.8716450333595276
St John's,5,N Dakota St,14,0.8298737406730652
St Louis,9,N Dakota St,14,0.7026504635810852
St Mary's CA,7,N Dakota St,14,0.8582432508468628
TCU,9,N Dakota St,14,0.783396315574646
Tennessee,6,N Dakota St,14,0.9051538467407226
N Dakota St,14,Tennessee St,15,0.7601639866828919
Texas,11,N Dakota St,14,0.7429670333862305
Texas A&M,10,N Dakota St,14,0.8540476322174072
Texas Tech,5,N Dakota St,14,0.8346356511116028
Troy,13,N Dakota St,14,0.4854720592498779
UCF,10,N Dakota St,14,0.581455409526825
UCLA,7,N Dakota St,14,0.739148473739624
N Dakota St,14,UMBC,16,0.6229763746261596
Utah St,9,N Dakota St,14,0.8656531691551208
Vanderbilt,5,N Dakota St,14,0.9435714244842529
VCU,11,N Dakota St,14,0.6174714505672455
Villanova,8,N Dakota St,14,0.8314285755157471
Virginia,3,N Dakota St,14,0.8620165944099426
Wisconsin,5,N Dakota St,14,0.7756356477737427
N Dakota St,14,Wright St,14,0.7002365350723266
Nebraska,4,NC State,11,0.5364328801631928
North Carolina,6,NC State,11,0.5994800686836242
NC State,11,Northern Iowa,12,0.7455608248710632
Ohio St,8,NC State,11,0.5598665416240692
NC State,11,Penn,14,0.6784746289253235
NC State,11,Prairie View,16,0.861148476600647
Purdue,2,NC State,11,0.6053912878036499
NC State,11,Queens NC,15,0.9049523949623108
Santa Clara,10,NC State,11,0.35457946062088014
NC State,11,Siena,16,0.758635652065277
NC State,11,SMU,11,0.537106043100357
NC State,11,South Florida,11,0.587221485376358
St John's,5,NC State,11,0.6990460515022278
St Louis,9,NC State,11,0.500409084558487
St Mary's CA,7,NC State,11,0.5797502636909485
TCU,9,NC State,11,0.470888090133667
Tennessee,6,NC State,11,0.5961849331855774
NC State,11,Tennessee St,15,0.9007142782211304
NC State,11,Texas,11,0.5604300439357758
Texas A&M,10,NC State,11,0.5021122515201568
Texas Tech,5,NC State,11,0.5997877597808838
NC State,11,Troy,13,0.8303975343704224
UCF,10,NC State,11,0.30834712386131286
UCLA,7,NC State,11,0.45506827235221864
NC State,11,UMBC,16,0.925
Utah St,9,NC State,11,0.5068204402923584
Vanderbilt,5,NC State,11,0.6704453825950623
NC State,11,VCU,11,0.6735391855239868
Villanova,8,NC State,11,0.5405463218688965
Virginia,3,NC State,11,0.5997877597808838
Wisconsin,5,NC State,11,0.4778842806816101
NC State,11,Wright St,14,0.9490000009536743
Nebraska,4,North Carolina,6,0.6633317708969116
Nebraska,4,Northern Iowa,12,0.5579403042793274
Nebraska,4,Ohio St,8,0.6086864233016968
Nebraska,4,Penn,14,0.6463183999061585
Nebraska,4,Prairie View,16,0.904285728931427
Purdue,2,Nebraska,4,0.6595132112503052
Nebraska,4,Queens NC,15,0.8292070746421814
Nebraska,4,Santa Clara,10,0.5997877597808838
Nebraska,4,Siena,16,0.8301960825920105
Nebraska,4,SMU,11,0.6343274474143982
Nebraska,4,South Florida,11,0.5177499890327454
Nebraska,4,St John's,5,0.46340503096580504
Nebraska,4,St Louis,9,0.5168127357959748
Nebraska,4,St Mary's CA,7,0.5656326174736023
Nebraska,4,TCU,9,0.537106043100357
Nebraska,4,Tennessee,6,0.6065417051315307
Nebraska,4,Tennessee St,15,0.9132227063179016
Nebraska,4,Texas,11,0.6251210927963257
Nebraska,4,Texas A&M,10,0.5171204268932342
Nebraska,4,Texas Tech,5,0.49593523144721985
Nebraska,4,Troy,13,0.7874655842781066
Nebraska,4,UCF,10,0.6796517372131348
Nebraska,4,UCLA,7,0.6773577451705932
Nebraska,4,UMBC,16,0.8964554071426392
Nebraska,4,Utah St,9,0.5601742327213287
Nebraska,4,Vanderbilt,5,0.497492516040802
Nebraska,4,VCU,11,0.497492516040802
Nebraska,4,Villanova,8,0.570543909072876
Virginia,3,Nebraska,4,0.458859258890152
Nebraska,4,Wisconsin,5,0.6089941143989563
Nebraska,4,Wright St,14,0.8723443269729614
North Carolina,6,Northern Iowa,12,0.5565714061260223
North Carolina,6,Ohio St,8,0.335526716709137
North Carolina,6,Penn,14,0.8285077810287476
North Carolina,6,Prairie View,16,0.9490000009536743
Purdue,2,North Carolina,6,0.6841358661651611
North Carolina,6,Queens NC,15,0.9323333382606507
North Carolina,6,Santa Clara,10,0.5601742327213287
North Carolina,6,Siena,16,0.9490000009536743
North Carolina,6,SMU,11,0.5364328801631928
North Carolina,6,South Florida,11,0.4854720592498779
St John's,5,North Carolina,6,0.5852527618408203
North Carolina,6,St Louis,9,0.5539787173271179
North Carolina,6,St Mary's CA,7,0.497492516040802
North Carolina,6,TCU,9,0.6010833203792572
Tennessee,6,North Carolina,6,0.6089941143989563
North Carolina,6,Tennessee St,15,0.9490000009536743
North Carolina,6,Texas,11,0.5755237877368927
North Carolina,6,Texas A&M,10,0.5346584975719452
Texas Tech,5,North Carolina,6,0.666291332244873
North Carolina,6,Troy,13,0.9051538467407226
North Carolina,6,UCF,10,0.6251210927963257
North Carolina,6,UCLA,7,0.3863988101482391
North Carolina,6,UMBC,16,0.9649999976158142
North Carolina,6,Utah St,9,0.497492516040802
Vanderbilt,5,North Carolina,6,0.6464684486389161
North Carolina,6,VCU,11,0.49504497051239016
North Carolina,6,Villanova,8,0.48272525072097777
Virginia,3,North Carolina,6,0.5852527618408203
Wisconsin,5,North Carolina,6,0.5171204268932342
North Carolina,6,Wright St,14,0.9490000009536743
Ohio St,8,Northern Iowa,12,0.6499032020568848
Northern Iowa,12,Penn,14,0.6543184041976928
Northern Iowa,12,Prairie View,16,0.8709523916244507
Purdue,2,Northern Iowa,12,0.8346356511116028
Northern Iowa,12,Queens NC,15,0.757692301273346
Santa Clara,10,Northern Iowa,12,0.6910301804542541
Northern Iowa,12,Siena,16,0.7224805593490601
SMU,11,Northern Iowa,12,0.6226430416107178
South Florida,11,Northern Iowa,12,0.6020582437515258
St John's,5,Northern Iowa,12,0.6320672869682312
St Louis,9,Northern Iowa,12,0.6273915767669678
St Mary's CA,7,Northern Iowa,12,0.7059103846549988
TCU,9,Northern Iowa,12,0.5567339539527894
Tennessee,6,Northern Iowa,12,0.7666246652603149
Northern Iowa,12,Tennessee St,15,0.8292070746421814
Texas,11,Northern Iowa,12,0.6824183106422425
Texas A&M,10,Northern Iowa,12,0.6967040300369263
Texas Tech,5,Northern Iowa,12,0.7847198963165283
Northern Iowa,12,Troy,13,0.6639291763305664
UCF,10,Northern Iowa,12,0.5632966101169586
UCLA,7,Northern Iowa,12,0.5997877597808838
Northern Iowa,12,UMBC,16,0.7912942171096802
Utah St,9,Northern Iowa,12,0.5424537599086762
Vanderbilt,5,Northern Iowa,12,0.7488725185394287
VCU,11,Northern Iowa,12,0.5189434587955475
Villanova,8,Northern Iowa,12,0.6751210927963257
Virginia,3,Northern Iowa,12,0.7705608248710633
Wisconsin,5,Northern Iowa,12,0.7062278270721436
Northern Iowa,12,Wright St,14,0.8023172974586487
Ohio St,8,Penn,14,0.7105770468711853
Ohio St,8,Prairie View,16,0.9490000009536743
Purdue,2,Ohio St,8,0.6053912878036499
Ohio St,8,Queens NC,15,0.9316666722297668
Ohio St,8,Santa Clara,10,0.5644357681274415
Ohio St,8,Siena,16,0.9088391661643982
Ohio St,8,SMU,11,0.6543184041976928
Ohio St,8,South Florida,11,0.5997877597808838
St John's,5,Ohio St,8,0.6848465442657471
Ohio St,8,St Louis,9,0.5637770175933838
St Mary's CA,7,Ohio St,8,0.510388046503067
Ohio St,8,TCU,9,0.5171204268932342
Tennessee,6,Ohio St,8,0.5659403085708619
Ohio St,8,Tennessee St,15,0.9527777791023254
Ohio St,8,Texas,11,0.5708274245262146
Ohio St,8,Texas A&M,10,0.537106043100357
Texas Tech,5,Ohio St,8,0.6020582437515258
Ohio St,8,Troy,13,0.87829669713974
Ohio St,8,UCF,10,0.689627182483673
UCLA,7,Ohio St,8,0.5116101622581481
Ohio St,8,UMBC,16,0.9483333349227905
Ohio St,8,Utah St,9,0.5047922790050506
Vanderbilt,5,Ohio St,8,0.6745250940322876
Ohio St,8,VCU,11,0.515400618314743
Villanova,8,Ohio St,8,0.5801598489284515
Virginia,3,Ohio St,8,0.5601742327213287
Wisconsin,5,Ohio St,8,0.5166961789131165
Ohio St,8,Wright St,14,0.9483333349227905
Penn,14,Prairie View,16,0.8131582260131835
Purdue,2,Penn,14,0.8762409687042236
Penn,14,Queens NC,15,0.7838827848434449
Santa Clara,10,Penn,14,0.6542582273483276
Penn,14,Siena,16,0.5601742327213287
SMU,11,Penn,14,0.6784746289253235
South Florida,11,Penn,14,0.8095867991447449
St John's,5,Penn,14,0.8716888666152954
St Louis,9,Penn,14,0.6595132112503052
St Mary's CA,7,Penn,14,0.821438217163086
TCU,9,Penn,14,0.6112645983695983
Tennessee,6,Penn,14,0.8291744470596314
Penn,14,Tennessee St,15,0.7790849685668946
Texas,11,Penn,14,0.6905860900878906
Texas A&M,10,Penn,14,0.7345867991447449
Texas Tech,5,Penn,14,0.7840956091880799
Troy,13,Penn,14,0.4854720592498779
UCF,10,Penn,14,0.578907722234726
UCLA,7,Penn,14,0.6784746289253235
Penn,14,UMBC,16,0.8017040252685547
Utah St,9,Penn,14,0.7034612536430359
Vanderbilt,5,Penn,14,0.8563865661621094
VCU,11,Penn,14,0.7882913231849671
Villanova,8,Penn,14,0.7174872279167175
Virginia,3,Penn,14,0.8292070746421814
Wisconsin,5,Penn,14,0.7378248929977417
Penn,14,Wright St,14,0.6722410321235657
Purdue,2,Prairie View,16,0.9916666626930237
Queens NC,15,Prairie View,16,0.5283572316169739
Santa Clara,10,Prairie View,16,0.8780952453613281
Siena,16,Prairie View,16,0.6581369638442993
SMU,11,Prairie View,16,0.9209523916244506
South Florida,11,Prairie View,16,0.8999466896057129
St John's,5,Prairie View,16,0.9649999976158142
St Louis,9,Prairie View,16,0.8733333349227905
St Mary's CA,7,Prairie View,16,0.927571427822113
TCU,9,Prairie View,16,0.8723443269729614
Tennessee,6,Prairie View,16,0.9610159397125244
Tennessee St,15,Prairie View,16,0.6058768033981323
Texas,11,Prairie View,16,0.8780165910720825
Texas A&M,10,Prairie View,16,0.9321628689765931
Texas Tech,5,Prairie View,16,0.9808934807777405
Troy,13,Prairie View,16,0.7276174783706665
UCF,10,Prairie View,16,0.8413959383964539
UCLA,7,Prairie View,16,0.9534444451332093
UMBC,16,Prairie View,16,0.6150831580162048
Utah St,9,Prairie View,16,0.9216190576553345
Vanderbilt,5,Prairie View,16,0.975
VCU,11,Prairie View,16,0.9316666722297668
Villanova,8,Prairie View,16,0.9490000009536743
Virginia,3,Prairie View,16,0.9566888093948365
Wisconsin,5,Prairie View,16,0.9534444451332093
Wright St,14,Prairie View,16,0.6071723639965058
Purdue,2,Queens NC,15,0.9649999976158142
Purdue,2,Santa Clara,10,0.8249363541603089
Purdue,2,Siena,16,0.9694444417953492
Purdue,2,SMU,11,0.7305591821670532
Purdue,2,South Florida,11,0.7869677424430848
Purdue,2,St John's,5,0.680437421798706
Purdue,2,St Louis,9,0.8256356477737427
Purdue,2,St Mary's CA,7,0.6952274918556214
Purdue,2,TCU,9,0.7378248929977417
Purdue,2,Tennessee,6,0.6867435574531555
Purdue,2,Tennessee St,15,0.9916666626930237
Purdue,2,Texas,11,0.7771704792976379
Purdue,2,Texas A&M,10,0.7590956091880798
Purdue,2,Texas Tech,5,0.5790658712387085
Purdue,2,Troy,13,0.9649999976158142
Purdue,2,UCF,10,0.745043671131134
Purdue,2,UCLA,7,0.691624665260315
Purdue,2,UMBC,16,0.9916666626930237
Purdue,2,Utah St,9,0.7705608248710633
Purdue,2,Vanderbilt,5,0.604689621925354
Purdue,2,VCU,11,0.8138575196266175
Purdue,2,Villanova,8,0.5567339539527894
Purdue,2,Virginia,3,0.5799662828445434
Purdue,2,Wisconsin,5,0.7140824317932128
Purdue,2,Wright St,14,0.9916666626930237
Santa Clara,10,Queens NC,15,0.8292070746421814
Queens NC,15,Siena,16,0.3985436618328094
SMU,11,Queens NC,15,0.8509157538414002
South Florida,11,Queens NC,15,0.9435714244842529
St John's,5,Queens NC,15,0.9483333349227905
St Louis,9,Queens NC,15,0.8995238184928894
St Mary's CA,7,Queens NC,15,0.9003919363021851
TCU,9,Queens NC,15,0.8145241856575012
Tennessee,6,Queens NC,15,0.9649999976158142
Tennessee St,15,Queens NC,15,0.4520018547773361
Texas,11,Queens NC,15,0.9051538467407226
Texas A&M,10,Queens NC,15,0.9095238089561463
Texas Tech,5,Queens NC,15,0.9527777791023254
Troy,13,Queens NC,15,0.7363595485687255
UCF,10,Queens NC,15,0.8030165910720826
UCLA,7,Queens NC,15,0.9316666722297668
Queens NC,15,UMBC,16,0.5307963490486145
Utah St,9,Queens NC,15,0.9323333382606507
Vanderbilt,5,Queens NC,15,0.9107151746749877
VCU,11,Queens NC,15,0.8730109930038452
Villanova,8,Queens NC,15,0.9001904845237731
Virginia,3,Queens NC,15,0.9209523916244506
Wisconsin,5,Queens NC,15,0.904285728931427
Wright St,14,Queens NC,15,0.620659351348877
Santa Clara,10,Siena,16,0.7389397859573364
Santa Clara,10,SMU,11,0.497492516040802
Santa Clara,10,South Florida,11,0.43822585940361025
St John's,5,Santa Clara,10,0.6865979313850403
St Louis,9,Santa Clara,10,0.580057954788208
St Mary's CA,7,Santa Clara,10,0.5912736415863037
TCU,9,Santa Clara,10,0.43055076003074644
Tennessee,6,Santa Clara,10,0.6412736415863037
Santa Clara,10,Tennessee St,15,0.854285728931427
Santa Clara,10,Texas,11,0.4854720592498779
Santa Clara,10,Texas A&M,10,0.3663006007671356
Texas Tech,5,Santa Clara,10,0.7377238631248474
Santa Clara,10,Troy,13,0.7378248929977417
Santa Clara,10,UCF,10,0.5168127357959748
UCLA,7,Santa Clara,10,0.6089941143989563
Santa Clara,10,UMBC,16,0.8509157538414002
Utah St,9,Santa Clara,10,0.6343274474143982
Vanderbilt,5,Santa Clara,10,0.745043671131134
Santa Clara,10,VCU,11,0.497492516040802
Villanova,8,Santa Clara,10,0.6292008042335511
Virginia,3,Santa Clara,10,0.6292008042335511
Wisconsin,5,Santa Clara,10,0.6390806198120117
Santa Clara,10,Wright St,14,0.8030165910720826
SMU,11,Siena,16,0.8006356477737426
South Florida,11,Siena,16,0.8461538434028626
St John's,5,Siena,16,0.9649999976158142
St Louis,9,Siena,16,0.7970109939575195
St Mary's CA,7,Siena,16,0.9323333382606507
TCU,9,Siena,16,0.818619430065155
Tennessee,6,Siena,16,0.9649999976158142
Tennessee St,15,Siena,16,0.35428014397621155
Texas,11,Siena,16,0.8023172974586487
Texas A&M,10,Siena,16,0.904285728931427
Texas Tech,5,Siena,16,0.9534444451332093
Troy,13,Siena,16,0.5050999701023102
UCF,10,Siena,16,0.6925006031990051
UCLA,7,Siena,16,0.8949633598327636
Siena,16,UMBC,16,0.4981220781803131
Utah St,9,Siena,16,0.9012125730514526
Vanderbilt,5,Siena,16,0.9694444417953492
VCU,11,Siena,16,0.8223443269729614
Villanova,8,Siena,16,0.9490000009536743
Virginia,3,Siena,16,0.9534444451332093
Wisconsin,5,Siena,16,0.9483333349227905
Wright St,14,Siena,16,0.5307963490486145
SMU,11,South Florida,11,0.3937795102596283
St John's,5,SMU,11,0.8256356477737427
St Louis,9,SMU,11,0.6942548990249634
St Mary's CA,7,SMU,11,0.6343274474143982
TCU,9,SMU,11,0.5567339539527894
Tennessee,6,SMU,11,0.6996770024299621
SMU,11,Tennessee St,15,0.9295036673545838
Texas,11,SMU,11,0.5659403085708619
Texas A&M,10,SMU,11,0.5753684759140014
Texas Tech,5,SMU,11,0.6604074478149414
SMU,11,Troy,13,0.8030165910720826
UCF,10,SMU,11,0.45155949592590333
UCLA,7,SMU,11,0.6543184041976928
SMU,11,UMBC,16,0.9209523916244506
Utah St,9,SMU,11,0.6010833203792572
Vanderbilt,5,SMU,11,0.6757877588272094
SMU,11,VCU,11,0.49504497051239016
Villanova,8,SMU,11,0.6343274474143982
Virginia,3,SMU,11,0.7859103798866272
Wisconsin,5,SMU,11,0.5858706116676331
SMU,11,Wright St,14,0.9490000009536743
St John's,5,South Florida,11,0.5050999701023102
St Louis,9,South Florida,11,0.5171204268932342
St Mary's CA,7,South Florida,11,0.4911730229854584
TCU,9,South Florida,11,0.3134596884250641
Tennessee,6,South Florida,11,0.4732845962047577
South Florida,11,Tennessee St,15,0.9323333382606507
Texas,11,South Florida,11,0.5564262628555298
Texas A&M,10,South Florida,11,0.497492516040802
Texas Tech,5,South Florida,11,0.7595867991447449
South Florida,11,Troy,13,0.8995238184928894
UCF,10,South Florida,11,0.39823985695838926
UCLA,7,South Florida,11,0.5377356052398682
South Florida,11,UMBC,16,0.9269047617912293
Utah St,9,South Florida,11,0.5050999701023102
Vanderbilt,5,South Florida,11,0.6628148078918457
VCU,11,South Florida,11,0.40051248073577883
Villanova,8,South Florida,11,0.537106043100357
Virginia,3,South Florida,11,0.5171204268932342
Wisconsin,5,South Florida,11,0.6451120495796203
South Florida,11,Wright St,14,0.9490000009536743
St John's,5,St Louis,9,0.5820672869682312
St John's,5,St Mary's CA,7,0.6053912878036499
St John's,5,TCU,9,0.6917927384376525
St John's,5,Tennessee,6,0.5567339539527894
St John's,5,Tennessee St,15,0.9649999976158142
St John's,5,Texas,11,0.7847198963165283
St John's,5,Texas A&M,10,0.641509222984314
St John's,5,Texas Tech,5,0.32939465939998624
St John's,5,Troy,13,0.927571427822113
St John's,5,UCF,10,0.8687729001045227
St John's,5,UCLA,7,0.7493614673614502
St John's,5,UMBC,16,0.9483333349227905
St John's,5,Utah St,9,0.6604074478149414
Vanderbilt,5,St John's,5,0.5976430416107178
St John's,5,VCU,11,0.6922460794448853
St John's,5,Villanova,8,0.5659403085708619
Virginia,3,St John's,5,0.510124558210373
St John's,5,Wisconsin,5,0.6503068566322326
St John's,5,Wright St,14,0.9483333349227905
St Mary's CA,7,St Louis,9,0.5567339539527894
TCU,9,St Louis,9,0.3203675806522369
Tennessee,6,St Louis,9,0.5997877597808838
St Louis,9,Tennessee St,15,0.9269047617912293
St Louis,9,Texas,11,0.5171204268932342
St Louis,9,Texas A&M,10,0.497492516040802
Texas Tech,5,St Louis,9,0.6918079614639282
St Louis,9,Troy,13,0.6735391855239868
St Louis,9,UCF,10,0.5565714061260223
UCLA,7,St Louis,9,0.5220515668392182
St Louis,9,UMBC,16,0.9269047617912293
Utah St,9,St Louis,9,0.497492516040802
Vanderbilt,5,St Louis,9,0.5806655764579773
St Louis,9,VCU,11,0.589366203546524
Villanova,8,St Louis,9,0.5564262628555298
Virginia,3,St Louis,9,0.4744738042354584
Wisconsin,5,St Louis,9,0.537106043100357
St Louis,9,Wright St,14,0.8995238184928894
St Mary's CA,7,TCU,9,0.6229763746261596
Tennessee,6,St Mary's CA,7,0.5567339539527894
St Mary's CA,7,Tennessee St,15,0.9483333349227905
St Mary's CA,7,Texas,11,0.6010833203792572
St Mary's CA,7,Texas A&M,10,0.537106043100357
Texas Tech,5,St Mary's CA,7,0.691624665260315
St Mary's CA,7,Troy,13,0.9003919363021851
St Mary's CA,7,UCF,10,0.7609103798866272
St Mary's CA,7,UCLA,7,0.5624447166919708
St Mary's CA,7,UMBC,16,0.9425628900527954
St Mary's CA,7,Utah St,9,0.5567339539527894
Vanderbilt,5,St Mary's CA,7,0.5708516001701355
St Mary's CA,7,VCU,11,0.5836766362190247
St Mary's CA,7,Villanova,8,0.5171204268932342
Virginia,3,St Mary's CA,7,0.537106043100357
Wisconsin,5,St Mary's CA,7,0.5567339539527894
St Mary's CA,7,Wright St,14,0.9003919363021851
Tennessee,6,TCU,9,0.6963003754615784
TCU,9,Tennessee St,15,0.8723443269729614
TCU,9,Texas,11,0.5708516001701355
TCU,9,Texas A&M,10,0.34754717350006104
Texas Tech,5,TCU,9,0.5567339539527894
TCU,9,Troy,13,0.7876670360565186
TCU,9,UCF,10,0.5875284910202027
UCLA,7,TCU,9,0.516069620847702
TCU,9,UMBC,16,0.9046359419822693
Utah St,9,TCU,9,0.6010833203792572
Vanderbilt,5,TCU,9,0.4711874067783356
TCU,9,VCU,11,0.497492516040802
Villanova,8,TCU,9,0.6209670424461364
Virginia,3,TCU,9,0.6295106291770936
Wisconsin,5,TCU,9,0.497492516040802
TCU,9,Wright St,14,0.8138575196266175
Tennessee,6,Tennessee St,15,0.9649999976158142
Tennessee,6,Texas,11,0.6714076101779938
Tennessee,6,Texas A&M,10,0.5665698707103729
Texas Tech,5,Tennessee,6,0.5663339495658875
Tennessee,6,Troy,13,0.9483333349227905
Tennessee,6,UCF,10,0.8437729001045227
Tennessee,6,UCLA,7,0.5624447166919708
Tennessee,6,UMBC,16,0.9649999976158142
Tennessee,6,Utah St,9,0.5171204268932342
Vanderbilt,5,Tennessee,6,0.7013165354728699
Tennessee,6,VCU,11,0.6118505716323852
Tennessee,6,Villanova,8,0.5820672869682312
Virginia,3,Tennessee,6,0.497492516040802
Wisconsin,5,Tennessee,6,0.497492516040802
Tennessee,6,Wright St,14,0.9490000009536743
Texas,11,Tennessee St,15,0.9211538434028625
Texas A&M,10,Tennessee St,15,0.9323333382606507
Texas Tech,5,Tennessee St,15,0.9367777824401855
Troy,13,Tennessee St,15,0.7267040252685547
UCF,10,Tennessee St,15,0.9044871807098389
UCLA,7,Tennessee St,15,0.9527777791023254
Tennessee St,15,UMBC,16,0.497492516040802
Utah St,9,Tennessee St,15,0.9490000009536743
Vanderbilt,5,Tennessee St,15,0.975
VCU,11,Tennessee St,15,0.9316666722297668
Villanova,8,Tennessee St,15,0.9534444451332093
Virginia,3,Tennessee St,15,0.9534444451332093
Wisconsin,5,Tennessee St,15,0.9534444451332093
Wright St,14,Tennessee St,15,0.497492516040802
Texas A&M,10,Texas,11,0.5994800686836242
Texas Tech,5,Texas,11,0.6796517372131348
Texas,11,Troy,13,0.7847198963165283
UCF,10,Texas,11,0.393306702375412
UCLA,7,Texas,11,0.6068493962287903
Texas,11,UMBC,16,0.9172937870025635
Utah St,9,Texas,11,0.5855075657367707
Vanderbilt,5,Texas,11,0.7436777114868164
Texas,11,VCU,11,0.3984192669391632
Villanova,8,Texas,11,0.6696679592132568
Virginia,3,Texas,11,0.5601742327213287
Wisconsin,5,Texas,11,0.497492516040802
Texas,11,Wright St,14,0.9211538434028625
Texas Tech,5,Texas A&M,10,0.628914189338684
Texas A&M,10,Troy,13,0.9003919363021851
UCF,10,Texas A&M,10,0.3579638421535492
UCLA,7,Texas A&M,10,0.5091204226016999
Texas A&M,10,UMBC,16,0.9323333382606507
Utah St,9,Texas A&M,10,0.5567339539527894
Vanderbilt,5,Texas A&M,10,0.5375420391559601
Texas A&M,10,VCU,11,0.6089941143989563
Villanova,8,Texas A&M,10,0.5656248509883881
Virginia,3,Texas A&M,10,0.5601742327213287
Wisconsin,5,Texas A&M,10,0.497492516040802
Texas A&M,10,Wright St,14,0.9001904845237731
Texas Tech,5,Troy,13,0.9645236015319825
Texas Tech,5,UCF,10,0.7296517372131348
Texas Tech,5,UCLA,7,0.6952274918556214
Texas Tech,5,UMBC,16,0.9534444451332093
Texas Tech,5,Utah St,9,0.619780308008194
Vanderbilt,5,Texas Tech,5,0.5659403085708619
Texas Tech,5,VCU,11,0.6952274918556214
Texas Tech,5,Villanova,8,0.6370940208435059
Virginia,3,Texas Tech,5,0.47087971568107606
Texas Tech,5,Wisconsin,5,0.6582812070846558
Texas Tech,5,Wright St,14,0.9534444451332093
UCF,10,Troy,13,0.6774796843528748
UCLA,7,Troy,13,0.8144692301750183
Troy,13,UMBC,16,0.6093170821666718
Utah St,9,Troy,13,0.8730109930038452
Vanderbilt,5,Troy,13,0.9367777824401855
VCU,11,Troy,13,0.8885719537734985
Villanova,8,Troy,13,0.9001904845237731
Virginia,3,Troy,13,0.8897623538970947
Wisconsin,5,Troy,13,0.9316666722297668
Troy,13,Wright St,14,0.5718394696712494
UCLA,7,UCF,10,0.6683443784713745
UCF,10,UMBC,16,0.8509157538414002
Utah St,9,UCF,10,0.7113544702529907
Vanderbilt,5,UCF,10,0.7296517372131348
UCF,10,VCU,11,0.40883593559265136
Villanova,8,UCF,10,0.6543184041976928
Virginia,3,UCF,10,0.7730932712554932
Wisconsin,5,UCF,10,0.6543184041976928
UCF,10,Wright St,14,0.7378248929977417
UCLA,7,UMBC,16,0.9483333349227905
UCLA,7,Utah St,9,0.45222886800765993
Vanderbilt,5,UCLA,7,0.6365979313850403
UCLA,7,VCU,11,0.4403009295463562
UCLA,7,Villanova,8,0.4746961832046509
Virginia,3,UCLA,7,0.5601742327213287
Wisconsin,5,UCLA,7,0.5837258934974671
UCLA,7,Wright St,14,0.9483333349227905
Utah St,9,UMBC,16,0.9490000009536743
Vanderbilt,5,UMBC,16,0.9916666626930237
VCU,11,UMBC,16,0.9316666722297668
Villanova,8,UMBC,16,0.9490000009536743
Virginia,3,UMBC,16,0.9694444417953492
Wisconsin,5,UMBC,16,0.9534444451332093
Wright St,14,UMBC,16,0.5128172338008881
Vanderbilt,5,Utah St,9,0.6322546243667603
Utah St,9,VCU,11,0.5997877597808838
Villanova,8,Utah St,9,0.5916387975215912
Virginia,3,Utah St,9,0.6054985225200653
Wisconsin,5,Utah St,9,0.537106043100357
Utah St,9,Wright St,14,0.9323333382606507
Vanderbilt,5,VCU,11,0.7181865215301514
Vanderbilt,5,Villanova,8,0.6110716104507447
Virginia,3,Vanderbilt,5,0.38866694569587706
Vanderbilt,5,Wisconsin,5,0.6052996158599854
Vanderbilt,5,Wright St,14,0.9938000679016114
Villanova,8,VCU,11,0.6343575835227966
Virginia,3,VCU,11,0.5708516001701355
Wisconsin,5,VCU,11,0.6346904933452606
VCU,11,Wright St,14,0.904285728931427
Virginia,3,Villanova,8,0.45506827235221864
Wisconsin,5,Villanova,8,0.47101248502731324
Villanova,8,Wright St,14,0.9323333382606507
Virginia,3,Wisconsin,5,0.6161758899688721
Virginia,3,Wright St,14,0.9103071928024292
Wisconsin,5,Wright St,14,0.9534444451332093
